,Dry_p,Wet_p,Country,Season,Year,product,latency,dataset
0,0.0056637564360868,0.0002611745392134,Ethiopia,DJF,2005,180_CHIRPS,180,CHIRPS
1,0.0022410722107045,0.0006058924869331,Ethiopia,MAM,2005,180_CHIRPS,180,CHIRPS
2,0.0001532980991035,0.0002773965602826,Ethiopia,JJA,2005,180_CHIRPS,180,CHIRPS
3,0.000376386541598,0.000317345515465,Ethiopia,SON,2005,180_CHIRPS,180,CHIRPS
4,0.0031841999193873,0.0047561467150342,Somalia,DJF,2005,180_CHIRPS,180,CHIRPS
5,0.0013011934178013,0.0132748015351453,Somalia,MAM,2005,180_CHIRPS,180,CHIRPS
6,0.0,0.04073129698754,Somalia,JJA,2005,180_CHIRPS,180,CHIRPS
7,0.0011427508404533,0.0093944749325644,Somalia,SON,2005,180_CHIRPS,180,CHIRPS
8,0.0058728050759923,0.0,Kenya,DJF,2005,180_CHIRPS,180,CHIRPS
9,7.217506784456377e-05,0.0,Kenya,MAM,2005,180_CHIRPS,180,CHIRPS
10,0.0003464403256539,0.0,Kenya,JJA,2005,180_CHIRPS,180,CHIRPS
11,0.0047721203099689,0.0008610247654072,Kenya,SON,2005,180_CHIRPS,180,CHIRPS
12,0.0009700768599358,0.0144616073427356,Ethiopia,DJF,2006,180_CHIRPS,180,CHIRPS
13,0.0112053610535229,0.0001313983706602,Ethiopia,MAM,2006,180_CHIRPS,180,CHIRPS
14,0.0002189972844336,0.0043726457791923,Ethiopia,JJA,2006,180_CHIRPS,180,CHIRPS
15,0.0002952051306651,0.0151218828183233,Ethiopia,SON,2006,180_CHIRPS,180,CHIRPS
16,0.0029154910654306,0.0032648125755743,Somalia,DJF,2006,180_CHIRPS,180,CHIRPS
17,0.0133536617422848,2.628673571315914e-05,Somalia,MAM,2006,180_CHIRPS,180,CHIRPS
18,0.0043241680248146,0.0,Somalia,JJA,2006,180_CHIRPS,180,CHIRPS
19,0.0058864956083819,0.0014882336526834,Somalia,SON,2006,180_CHIRPS,180,CHIRPS
20,0.0415080419064482,0.0214844326398111,Kenya,DJF,2006,180_CHIRPS,180,CHIRPS
21,0.0035510133379525,0.0,Kenya,MAM,2006,180_CHIRPS,180,CHIRPS
22,0.0,1.4435013568912754e-05,Kenya,JJA,2006,180_CHIRPS,180,CHIRPS
23,0.0060417669979422,0.0113538519913021,Kenya,SON,2006,180_CHIRPS,180,CHIRPS
24,0.0001865532422953,0.0168047160659652,Ethiopia,DJF,2007,180_CHIRPS,180,CHIRPS
25,0.0005182935731596,0.0209580401203025,Ethiopia,MAM,2007,180_CHIRPS,180,CHIRPS
26,0.0,0.0074605074897071,Ethiopia,JJA,2007,180_CHIRPS,180,CHIRPS
27,0.0,0.0195647200348342,Ethiopia,SON,2007,180_CHIRPS,180,CHIRPS
28,0.0,0.0111917237672981,Somalia,DJF,2007,180_CHIRPS,180,CHIRPS
29,0.0013011934178013,0.0151543031386362,Somalia,MAM,2007,180_CHIRPS,180,CHIRPS
30,9.2003574996057e-05,0.0008674622785342,Somalia,JJA,2007,180_CHIRPS,180,CHIRPS
31,9.301460329271696e-05,0.0300570046640179,Somalia,SON,2007,180_CHIRPS,180,CHIRPS
32,0.0,0.0861443116423196,Kenya,DJF,2007,180_CHIRPS,180,CHIRPS
33,0.0,0.0733443039436457,Kenya,MAM,2007,180_CHIRPS,180,CHIRPS
34,0.000317570298516,0.0218690455569028,Kenya,JJA,2007,180_CHIRPS,180,CHIRPS
35,0.0084351239729725,0.0847306743721086,Kenya,SON,2007,180_CHIRPS,180,CHIRPS
36,0.0003985269263979,0.0031660750263839,Ethiopia,DJF,2008,180_CHIRPS,180,CHIRPS
37,0.1111119222121645,0.0064969194381989,Ethiopia,MAM,2008,180_CHIRPS,180,CHIRPS
38,0.0366674453236779,0.0526761468157794,Ethiopia,JJA,2008,180_CHIRPS,180,CHIRPS
39,0.0121698315116716,0.0347235034944907,Ethiopia,SON,2008,180_CHIRPS,180,CHIRPS
40,0.0,0.0088762507142192,Somalia,DJF,2008,180_CHIRPS,180,CHIRPS
41,0.0249592555596446,0.0,Somalia,MAM,2008,180_CHIRPS,180,CHIRPS
42,0.0088717733031912,7.886020713947742e-05,Somalia,JJA,2008,180_CHIRPS,180,CHIRPS
43,0.010205030761258,0.00890282631516,Somalia,SON,2008,180_CHIRPS,180,CHIRPS
44,0.0,0.0003356537221079,Kenya,DJF,2008,180_CHIRPS,180,CHIRPS
45,0.0006062705698943,0.0,Kenya,MAM,2008,180_CHIRPS,180,CHIRPS
46,0.0,0.0014146313297534,Kenya,JJA,2008,180_CHIRPS,180,CHIRPS
47,0.0063482334398669,0.0008464311253155,Kenya,SON,2008,180_CHIRPS,180,CHIRPS
48,0.0066935303335571,0.0037161405865233,Ethiopia,DJF,2009,180_CHIRPS,180,CHIRPS
49,0.0064239203433877,0.0027812655123076,Ethiopia,MAM,2009,180_CHIRPS,180,CHIRPS
50,0.0391421146377784,5.109936636785704e-05,Ethiopia,JJA,2009,180_CHIRPS,180,CHIRPS
51,0.0548048325079889,0.0,Ethiopia,SON,2009,180_CHIRPS,180,CHIRPS
52,4.030632809351068e-05,0.0080478301760042,Somalia,DJF,2009,180_CHIRPS,180,CHIRPS
53,0.0110272856316702,0.0040875874033962,Somalia,MAM,2009,180_CHIRPS,180,CHIRPS
54,0.0203459334419851,0.0,Somalia,JJA,2009,180_CHIRPS,180,CHIRPS
55,0.0262566937294869,0.0031757843124227,Somalia,SON,2009,180_CHIRPS,180,CHIRPS
56,0.0031577394127194,0.0,Kenya,DJF,2009,180_CHIRPS,180,CHIRPS
57,0.0970899012645071,0.0,Kenya,MAM,2009,180_CHIRPS,180,CHIRPS
58,0.0283070616086379,0.0,Kenya,JJA,2009,180_CHIRPS,180,CHIRPS
59,0.0343972096960144,0.0031230389796126,Kenya,SON,2009,180_CHIRPS,180,CHIRPS
60,0.0157898664278785,0.0002984851876725,Ethiopia,DJF,2010,180_CHIRPS,180,CHIRPS
61,0.0137822291003591,0.0426679709171606,Ethiopia,MAM,2010,180_CHIRPS,180,CHIRPS
62,0.0,0.1018483370806202,Ethiopia,JJA,2010,180_CHIRPS,180,CHIRPS
63,0.0014612653967925,0.0176754071985771,Ethiopia,SON,2010,180_CHIRPS,180,CHIRPS
64,0.0033454252317613,0.0,Somalia,DJF,2010,180_CHIRPS,180,CHIRPS
65,0.0010646127963829,0.0239077861311182,Somalia,MAM,2010,180_CHIRPS,180,CHIRPS
66,0.0,0.1600993638609957,Somalia,JJA,2010,180_CHIRPS,180,CHIRPS
67,0.0057934810050892,0.0550380695483476,Somalia,SON,2010,180_CHIRPS,180,CHIRPS
68,0.0008558359155968,0.0044857606610594,Kenya,DJF,2010,180_CHIRPS,180,CHIRPS
69,0.0,0.0465673537733125,Kenya,MAM,2010,180_CHIRPS,180,CHIRPS
70,0.0,0.0147525838674288,Kenya,JJA,2010,180_CHIRPS,180,CHIRPS
71,0.0074427564467405,0.0,Kenya,SON,2010,180_CHIRPS,180,CHIRPS
72,0.0089918662786359,0.0372136407730766,Ethiopia,DJF,2011,180_CHIRPS,180,CHIRPS
73,0.1402166613133997,2.919963792448973e-05,Ethiopia,MAM,2011,180_CHIRPS,180,CHIRPS
74,0.0453324378777703,0.0082050982567816,Ethiopia,JJA,2011,180_CHIRPS,180,CHIRPS
75,0.0131144879298002,0.0541184805791924,Ethiopia,SON,2011,180_CHIRPS,180,CHIRPS
76,0.0050114201262931,0.017627300819562,Somalia,DJF,2011,180_CHIRPS,180,CHIRPS
77,0.1375584879869618,0.0,Somalia,MAM,2011,180_CHIRPS,180,CHIRPS
78,0.0583039798117869,0.0,Somalia,JJA,2011,180_CHIRPS,180,CHIRPS
79,0.0175930478227938,0.0110554499913629,Somalia,SON,2011,180_CHIRPS,180,CHIRPS
80,0.0027003098716246,0.1181348679356647,Kenya,DJF,2011,180_CHIRPS,180,CHIRPS
81,0.1406692072290548,0.0,Kenya,MAM,2011,180_CHIRPS,180,CHIRPS
82,0.2134505456435128,0.0,Kenya,JJA,2011,180_CHIRPS,180,CHIRPS
83,0.0748507800300629,0.058753995008975,Kenya,SON,2011,180_CHIRPS,180,CHIRPS
84,0.0016996956876716,0.0033993913753432,Ethiopia,DJF,2005,180_ERA5,180,ERA5
85,0.0013214835468037,0.0034198832447503,Ethiopia,MAM,2005,180_ERA5,180,ERA5
86,7.260898608811826e-06,0.0065638523423658,Ethiopia,JJA,2005,180_ERA5,180,ERA5
87,9.5428953144384e-05,0.0140060340461142,Ethiopia,SON,2005,180_ERA5,180,ERA5
88,0.0087396749267252,0.071982414068745,Somalia,DJF,2005,180_ERA5,180,ERA5
89,0.0,0.1237488270253362,Somalia,MAM,2005,180_ERA5,180,ERA5
90,0.0,0.0001042644145553,Somalia,JJA,2005,180_ERA5,180,ERA5
91,0.00085645769099,0.0024244340791103,Somalia,SON,2005,180_ERA5,180,ERA5
92,0.003489932885906,0.0,Kenya,DJF,2005,180_ERA5,180,ERA5
93,0.0,0.0,Kenya,MAM,2005,180_ERA5,180,ERA5
94,0.0009337613072658,0.0,Kenya,JJA,2005,180_ERA5,180,ERA5
95,0.000324507707058,0.0015045357327236,Kenya,SON,2005,180_ERA5,180,ERA5
96,0.0020559637794106,0.0068433162621539,Ethiopia,DJF,2006,180_ERA5,180,ERA5
97,0.0059539368592256,0.0006825244692283,Ethiopia,MAM,2006,180_ERA5,180,ERA5
98,0.0,0.0006680026720106,Ethiopia,JJA,2006,180_ERA5,180,ERA5
99,0.0,0.0012993019005043,Ethiopia,SON,2006,180_ERA5,180,ERA5
100,0.0056488142819078,0.0255262456701305,Somalia,DJF,2006,180_ERA5,180,ERA5
101,2.6066103638828067e-05,0.0005473881764153,Somalia,MAM,2006,180_ERA5,180,ERA5
102,0.0,0.0004300907100406,Somalia,JJA,2006,180_ERA5,180,ERA5
103,0.0,0.016417635122671,Somalia,SON,2006,180_ERA5,180,ERA5
104,0.0096196868008948,0.0211633109619686,Kenya,DJF,2006,180_ERA5,180,ERA5
105,0.0,0.0,Kenya,MAM,2006,180_ERA5,180,ERA5
106,0.0,0.0,Kenya,JJA,2006,180_ERA5,180,ERA5
107,0.0,0.0133490670403422,Kenya,SON,2006,180_ERA5,180,ERA5
108,0.0004230683589401,0.008847324278186,Ethiopia,DJF,2007,180_ERA5,180,ERA5
109,1.4521797217623653e-05,0.0011762655746275,Ethiopia,MAM,2007,180_ERA5,180,ERA5
110,0.0,0.0,Ethiopia,JJA,2007,180_ERA5,180,ERA5
111,8.808826444096985e-05,0.0010497184845882,Ethiopia,SON,2007,180_ERA5,180,ERA5
112,0.0,0.0295363709032773,Somalia,DJF,2007,180_ERA5,180,ERA5
113,1.3033051819414034e-05,0.0183635700135543,Somalia,MAM,2007,180_ERA5,180,ERA5
114,0.0002736940882076,0.001199040767386,Somalia,JJA,2007,180_ERA5,180,ERA5
115,0.0,0.0036893562073418,Somalia,SON,2007,180_ERA5,180,ERA5
116,0.0,0.0371961222967934,Kenya,DJF,2007,180_ERA5,180,ERA5
117,0.0,0.0094543332360665,Kenya,MAM,2007,180_ERA5,180,ERA5
118,0.0,0.005660927925299,Kenya,JJA,2007,180_ERA5,180,ERA5
119,0.0,0.0279076628069916,Kenya,SON,2007,180_ERA5,180,ERA5
120,0.0027600989524837,0.0,Ethiopia,DJF,2008,180_ERA5,180,ERA5
121,0.1684165432313903,1.4521797217623653e-05,Ethiopia,MAM,2008,180_ERA5,180,ERA5
122,0.1639801341814062,0.0001379570735674,Ethiopia,JJA,2008,180_ERA5,180,ERA5
123,0.0542990743391544,0.0010864219281052,Ethiopia,SON,2008,180_ERA5,180,ERA5
124,0.0,0.0014230373942604,Somalia,DJF,2008,180_ERA5,180,ERA5
125,0.0544781566051506,0.0,Somalia,MAM,2008,180_ERA5,180,ERA5
126,0.0999635074549056,0.0,Somalia,JJA,2008,180_ERA5,180,ERA5
127,0.036709094263051,0.0161541096792895,Somalia,SON,2008,180_ERA5,180,ERA5
128,0.0,5.900140128328048e-05,Kenya,DJF,2008,180_ERA5,180,ERA5
129,0.0013714619200466,0.0,Kenya,MAM,2008,180_ERA5,180,ERA5
130,0.0031368543915961,0.0,Kenya,JJA,2008,180_ERA5,180,ERA5
131,0.0103989969761781,0.0009292720702116,Kenya,SON,2008,180_ERA5,180,ERA5
132,0.0056928672159133,0.0003191568321828,Ethiopia,DJF,2009,180_ERA5,180,ERA5
133,0.0466803171560512,2.178269582643548e-05,Ethiopia,MAM,2009,180_ERA5,180,ERA5
134,0.2178414800615724,0.0,Ethiopia,JJA,2009,180_ERA5,180,ERA5
135,0.1368010746768261,2.936275481365662e-05,Ethiopia,SON,2009,180_ERA5,180,ERA5
136,0.0002531308286703,0.0023581135091926,Somalia,DJF,2009,180_ERA5,180,ERA5
137,0.0317354811802731,0.0016030653737879,Somalia,MAM,2009,180_ERA5,180,ERA5
138,0.0423183192576373,0.0,Somalia,JJA,2009,180_ERA5,180,ERA5
139,0.0399372809444751,0.0045985189870081,Somalia,SON,2009,180_ERA5,180,ERA5
140,0.0229828486204325,0.0002386278896346,Kenya,DJF,2009,180_ERA5,180,ERA5
141,0.1412022176831047,0.0,Kenya,MAM,2009,180_ERA5,180,ERA5
142,0.2223519112926758,0.0,Kenya,JJA,2009,180_ERA5,180,ERA5
143,0.1773729626078619,0.0035105833763551,Kenya,SON,2009,180_ERA5,180,ERA5
144,0.0601128182290506,0.0017516514510502,Ethiopia,DJF,2010,180_ERA5,180,ERA5
145,0.0057796752926142,0.041437948360489,Ethiopia,MAM,2010,180_ERA5,180,ERA5
146,0.0,0.0726670732769887,Ethiopia,JJA,2010,180_ERA5,180,ERA5
147,0.0203116856423469,0.0044411166655655,Ethiopia,SON,2010,180_ERA5,180,ERA5
148,0.1902744471089795,2.6645350386357583e-05,Somalia,DJF,2010,180_ERA5,180,ERA5
149,9.123136273589824e-05,0.0140756959649671,Somalia,MAM,2010,180_ERA5,180,ERA5
150,0.0,0.0857835470753831,Somalia,JJA,2010,180_ERA5,180,ERA5
151,0.1178749308245711,0.029422615753551,Somalia,SON,2010,180_ERA5,180,ERA5
152,0.0908426547352721,4.47427293064877e-05,Kenya,DJF,2010,180_ERA5,180,ERA5
153,0.0,0.0034432448205427,Kenya,MAM,2010,180_ERA5,180,ERA5
154,0.0,0.0060694484972278,Kenya,JJA,2010,180_ERA5,180,ERA5
155,0.0377903975219411,0.0023600560513312,Kenya,SON,2010,180_ERA5,180,ERA5
156,0.157025161433979,0.0086617679804052,Ethiopia,DJF,2011,180_ERA5,180,ERA5
157,0.3527054108216433,2.9043594435247305e-05,Ethiopia,MAM,2011,180_ERA5,180,ERA5
158,0.0804434956870262,0.0,Ethiopia,JJA,2011,180_ERA5,180,ERA5
159,0.0227194315370668,0.0026793513767461,Ethiopia,SON,2011,180_ERA5,180,ERA5
160,0.441433519850786,0.0019051425526245,Somalia,DJF,2011,180_ERA5,180,ERA5
161,0.6057762485663643,0.0061646335105828,Somalia,MAM,2011,180_ERA5,180,ERA5
162,0.1367688457929308,0.0374439578771765,Somalia,JJA,2011,180_ERA5,180,ERA5
163,0.0580941839934645,0.0533243734682583,Somalia,SON,2011,180_ERA5,180,ERA5
164,0.1748545861297539,0.0469947800149142,Kenya,DJF,2011,180_ERA5,180,ERA5
165,0.4258826962357747,0.0,Kenya,MAM,2011,180_ERA5,180,ERA5
166,0.2136124890574847,0.0,Kenya,JJA,2011,180_ERA5,180,ERA5
167,0.0787078693118961,0.0316837524891216,Kenya,SON,2011,180_ERA5,180,ERA5
168,0.0153381642512077,0.0,Ethiopia,DJF,2005,180_GPCC,180,GPCC
169,0.0111058601134215,0.0001181474480151,Ethiopia,MAM,2005,180_GPCC,180,GPCC
170,0.0018903591682419,0.0,Ethiopia,JJA,2005,180_GPCC,180,GPCC
171,0.0007166746297181,0.0002388915432393,Ethiopia,SON,2005,180_GPCC,180,GPCC
172,0.0031111111111111,0.0393333333333333,Somalia,DJF,2005,180_GPCC,180,GPCC
173,0.0,0.0604347826086956,Somalia,MAM,2005,180_GPCC,180,GPCC
174,0.0,0.0145652173913043,Somalia,JJA,2005,180_GPCC,180,GPCC
175,0.0103296703296703,0.0,Somalia,SON,2005,180_GPCC,180,GPCC
176,0.0387706855791962,0.0,Kenya,DJF,2005,180_GPCC,180,GPCC
177,0.0,0.0,Kenya,MAM,2005,180_GPCC,180,GPCC
178,0.0,0.0,Kenya,JJA,2005,180_GPCC,180,GPCC
179,0.0233808744447042,0.0,Kenya,SON,2005,180_GPCC,180,GPCC
180,0.0004830917874396,0.0123188405797101,Ethiopia,DJF,2006,180_GPCC,180,GPCC
181,0.0050803402646502,0.003898865784499,Ethiopia,MAM,2006,180_GPCC,180,GPCC
182,0.0,0.0302457466918714,Ethiopia,JJA,2006,180_GPCC,180,GPCC
183,0.0,0.0140946010511227,Ethiopia,SON,2006,180_GPCC,180,GPCC
184,0.0024444444444444,0.0191111111111111,Somalia,DJF,2006,180_GPCC,180,GPCC
185,0.0460869565217391,0.0,Somalia,MAM,2006,180_GPCC,180,GPCC
186,0.0365217391304347,0.0,Somalia,JJA,2006,180_GPCC,180,GPCC
187,0.0,0.0041758241758241,Somalia,SON,2006,180_GPCC,180,GPCC
188,0.0799054373522458,0.044208037825059,Kenya,DJF,2006,180_GPCC,180,GPCC
189,0.0080943570767807,0.0,Kenya,MAM,2006,180_GPCC,180,GPCC
190,0.0,0.0,Kenya,JJA,2006,180_GPCC,180,GPCC
191,0.0,0.0093523497778816,Kenya,SON,2006,180_GPCC,180,GPCC
192,0.0,0.0153381642512077,Ethiopia,DJF,2007,180_GPCC,180,GPCC
193,0.0,0.003898865784499,Ethiopia,MAM,2007,180_GPCC,180,GPCC
194,0.0,0.0021266540642722,Ethiopia,JJA,2007,180_GPCC,180,GPCC
195,0.0,0.057931199235547,Ethiopia,SON,2007,180_GPCC,180,GPCC
196,0.0,0.0317777777777777,Somalia,DJF,2007,180_GPCC,180,GPCC
197,0.0,0.0,Somalia,MAM,2007,180_GPCC,180,GPCC
198,0.0,0.0,Somalia,JJA,2007,180_GPCC,180,GPCC
199,0.0,0.0013186813186813,Somalia,SON,2007,180_GPCC,180,GPCC
200,0.0,0.1033096926713948,Kenya,DJF,2007,180_GPCC,180,GPCC
201,0.0,0.1061517113783533,Kenya,MAM,2007,180_GPCC,180,GPCC
202,0.0,0.0046253469010175,Kenya,JJA,2007,180_GPCC,180,GPCC
203,0.0,0.0177694645779752,Kenya,SON,2007,180_GPCC,180,GPCC
204,0.0074056378404204,0.022336359292881,Ethiopia,DJF,2008,180_GPCC,180,GPCC
205,0.0018903591682419,0.0010633270321361,Ethiopia,MAM,2008,180_GPCC,180,GPCC
206,0.0025992438563327,0.0,Ethiopia,JJA,2008,180_GPCC,180,GPCC
207,0.0077639751552795,0.0402532250358337,Ethiopia,SON,2008,180_GPCC,180,GPCC
208,0.0,0.0,Somalia,DJF,2008,180_GPCC,180,GPCC
209,0.0,0.0,Somalia,MAM,2008,180_GPCC,180,GPCC
210,0.0,0.0,Somalia,JJA,2008,180_GPCC,180,GPCC
211,0.0026373626373626,0.0215384615384615,Somalia,SON,2008,180_GPCC,180,GPCC
212,0.0,0.0,Kenya,DJF,2008,180_GPCC,180,GPCC
213,0.0050878815911193,0.0,Kenya,MAM,2008,180_GPCC,180,GPCC
214,0.0002312673450508,0.0,Kenya,JJA,2008,180_GPCC,180,GPCC
215,0.0,0.011456628477905,Kenya,SON,2008,180_GPCC,180,GPCC
216,0.1322463768115942,0.0301932367149758,Ethiopia,DJF,2009,180_GPCC,180,GPCC
217,0.1418950850661625,0.011578449905482,Ethiopia,MAM,2009,180_GPCC,180,GPCC
218,0.6498109640831757,0.0,Ethiopia,JJA,2009,180_GPCC,180,GPCC
219,0.6304347826086957,0.0,Ethiopia,SON,2009,180_GPCC,180,GPCC
220,0.0137777777777777,0.0,Somalia,DJF,2009,180_GPCC,180,GPCC
221,0.0693478260869565,0.0,Somalia,MAM,2009,180_GPCC,180,GPCC
222,0.2839130434782608,0.0,Somalia,JJA,2009,180_GPCC,180,GPCC
223,0.130989010989011,0.0,Somalia,SON,2009,180_GPCC,180,GPCC
224,0.0,0.0,Kenya,DJF,2009,180_GPCC,180,GPCC
225,0.1091581868640148,0.0,Kenya,MAM,2009,180_GPCC,180,GPCC
226,0.2335800185013876,0.0,Kenya,JJA,2009,180_GPCC,180,GPCC
227,0.155249006312836,0.0,Kenya,SON,2009,180_GPCC,180,GPCC
228,0.1367149758454106,0.0,Ethiopia,DJF,2010,180_GPCC,180,GPCC
229,0.143312854442344,0.0,Ethiopia,MAM,2010,180_GPCC,180,GPCC
230,0.0445415879017013,0.0,Ethiopia,JJA,2010,180_GPCC,180,GPCC
231,0.0518394648829431,0.0044194935499283,Ethiopia,SON,2010,180_GPCC,180,GPCC
232,0.0942222222222222,0.0,Somalia,DJF,2010,180_GPCC,180,GPCC
233,0.0052173913043478,0.0,Somalia,MAM,2010,180_GPCC,180,GPCC
234,0.0,0.0,Somalia,JJA,2010,180_GPCC,180,GPCC
235,0.0426373626373626,0.0,Somalia,SON,2010,180_GPCC,180,GPCC
236,0.0167848699763593,0.0,Kenya,DJF,2010,180_GPCC,180,GPCC
237,0.0,0.0409343200740055,Kenya,MAM,2010,180_GPCC,180,GPCC
238,0.0,0.0432469935245143,Kenya,JJA,2010,180_GPCC,180,GPCC
239,0.0140285246668225,0.0,Kenya,SON,2010,180_GPCC,180,GPCC
240,0.0108695652173913,0.007487922705314,Ethiopia,DJF,2011,180_GPCC,180,GPCC
241,0.1136578449905482,0.0,Ethiopia,MAM,2011,180_GPCC,180,GPCC
242,0.0100425330812854,0.0,Ethiopia,JJA,2011,180_GPCC,180,GPCC
243,0.0002388915432393,0.0074056378404204,Ethiopia,SON,2011,180_GPCC,180,GPCC
244,0.1793333333333333,0.0,Somalia,DJF,2011,180_GPCC,180,GPCC
245,0.3304347826086956,0.0,Somalia,MAM,2011,180_GPCC,180,GPCC
246,0.1278260869565217,0.0369565217391304,Somalia,JJA,2011,180_GPCC,180,GPCC
247,0.0536263736263736,0.0692307692307692,Somalia,SON,2011,180_GPCC,180,GPCC
248,0.0373522458628841,0.1054373522458628,Kenya,DJF,2011,180_GPCC,180,GPCC
249,0.1459296947271045,0.0,Kenya,MAM,2011,180_GPCC,180,GPCC
250,0.0783996299722479,0.0,Kenya,JJA,2011,180_GPCC,180,GPCC
251,0.0324994154781388,0.1103577273790039,Kenya,SON,2011,180_GPCC,180,GPCC
252,0.100585047714957,0.0259578957464153,Ethiopia,DJF,2005,180_IMERG,180,IMERG
253,0.0022236400142613,0.0365117937362781,Ethiopia,MAM,2005,180_IMERG,180,IMERG
254,3.2838565611454096e-05,0.0733425906813533,Ethiopia,JJA,2005,180_IMERG,180,IMERG
255,0.0284756245049727,0.0287459627122984,Ethiopia,SON,2005,180_IMERG,180,IMERG
256,0.0532748085033135,0.1395558998192615,Somalia,DJF,2005,180_IMERG,180,IMERG
257,3.367797123901256e-05,0.2580406156333142,Somalia,MAM,2005,180_IMERG,180,IMERG
258,0.0,0.1947176102111609,Somalia,JJA,2005,180_IMERG,180,IMERG
259,0.0345077076293187,0.0645551195512465,Somalia,SON,2005,180_IMERG,180,IMERG
260,0.0992761797330325,0.0004042113179169,Kenya,DJF,2005,180_IMERG,180,IMERG
261,0.0011402927977635,0.0025840506142867,Kenya,MAM,2005,180_IMERG,180,IMERG
262,0.0017564187449422,0.0165802251158684,Kenya,JJA,2005,180_IMERG,180,IMERG
263,0.0486231196891095,0.0035700340268868,Kenya,SON,2005,180_IMERG,180,IMERG
264,0.1443533304560494,0.0122524337025847,Ethiopia,DJF,2006,180_IMERG,180,IMERG
265,0.0654097314743577,0.0108132705334859,Ethiopia,MAM,2006,180_IMERG,180,IMERG
266,0.0004222101292901,0.0570312060197782,Ethiopia,JJA,2006,180_IMERG,180,IMERG
267,0.0019113385535483,0.0372355309774386,Ethiopia,SON,2006,180_IMERG,180,IMERG
268,0.0821327136586625,0.0432481280660986,Somalia,DJF,2006,180_IMERG,180,IMERG
269,0.0320530091267302,0.0085710436803286,Somalia,MAM,2006,180_IMERG,180,IMERG
270,0.0049927592361836,0.0434614218839457,Somalia,JJA,2006,180_IMERG,180,IMERG
271,0.005064648751713,0.0566474578868072,Somalia,SON,2006,180_IMERG,180,IMERG
272,0.2294698251551043,0.0149276179733032,Kenya,DJF,2006,180_IMERG,180,IMERG
273,0.0318362392407857,0.0003770322960347,Kenya,MAM,2006,180_IMERG,180,IMERG
274,0.0002482895608033,0.0158905318914147,Kenya,JJA,2006,180_IMERG,180,IMERG
275,0.0177943883527639,0.0080232795968836,Kenya,SON,2006,180_IMERG,180,IMERG
276,0.0110199971227161,0.0629693569270608,Ethiopia,DJF,2007,180_IMERG,180,IMERG
277,0.0023409206057307,0.035962920568201,Ethiopia,MAM,2007,180_IMERG,180,IMERG
278,0.0023221557110956,0.038468034001989,Ethiopia,JJA,2007,180_IMERG,180,IMERG
279,0.0043396396439124,0.0510607217555858,Ethiopia,SON,2007,180_IMERG,180,IMERG
280,0.0008692658576469,0.0836646871503571,Somalia,DJF,2007,180_IMERG,180,IMERG
281,0.0015912841410433,0.0929427811268649,Somalia,MAM,2007,180_IMERG,180,IMERG
282,0.0167379517057892,0.0035867039369548,Somalia,JJA,2007,180_IMERG,180,IMERG
283,0.006741515649339,0.0158663954171312,Somalia,SON,2007,180_IMERG,180,IMERG
284,0.0020116563263771,0.0295356269975559,Kenya,DJF,2007,180_IMERG,180,IMERG
285,0.0,0.0390550283234017,Kenya,MAM,2007,180_IMERG,180,IMERG
286,0.0066946222320311,0.0105201206503347,Kenya,JJA,2007,180_IMERG,180,IMERG
287,0.0076978858704747,0.0058384931481378,Kenya,SON,2007,180_IMERG,180,IMERG
288,0.0343329523303627,0.0379232334346706,Ethiopia,DJF,2008,180_IMERG,180,IMERG
289,0.217372539453191,0.0276829108104558,Ethiopia,MAM,2008,180_IMERG,180,IMERG
290,0.1746073445797601,0.0623979658854215,Ethiopia,JJA,2008,180_IMERG,180,IMERG
291,0.0771222734968958,0.0360024093299881,Ethiopia,SON,2008,180_IMERG,180,IMERG
292,0.0066989555757952,0.0076012291349239,Somalia,DJF,2008,180_IMERG,180,IMERG
293,0.0483026302495537,0.0013218603711312,Somalia,MAM,2008,180_IMERG,180,IMERG
294,0.1301316808675445,0.0014565722560872,Somalia,JJA,2008,180_IMERG,180,IMERG
295,0.0714158034065082,0.0407640384402584,Somalia,SON,2008,180_IMERG,180,IMERG
296,0.0004369572897491,0.0022777560848626,Kenya,DJF,2008,180_IMERG,180,IMERG
297,0.0051037298609578,9.195909659383508e-06,Kenya,MAM,2008,180_IMERG,180,IMERG
298,0.007338335908188,0.0023909365114397,Kenya,JJA,2008,180_IMERG,180,IMERG
299,0.0397259255127275,0.0173109462449563,Kenya,SON,2008,180_IMERG,180,IMERG
300,0.0128806406752026,0.0207020572579485,Ethiopia,DJF,2009,180_IMERG,180,IMERG
301,0.0186616877146234,0.0152886979039612,Ethiopia,MAM,2009,180_IMERG,180,IMERG
302,0.0654191139216753,0.01529338912762,Ethiopia,JJA,2009,180_IMERG,180,IMERG
303,0.07846447898239,0.0031681740788344,Ethiopia,SON,2009,180_IMERG,180,IMERG
304,0.0034770634305878,0.0277476547035028,Somalia,DJF,2009,180_IMERG,180,IMERG
305,0.0286767925100191,0.0151045701006971,Somalia,MAM,2009,180_IMERG,180,IMERG
306,0.0670107432728252,0.0143383962550095,Somalia,JJA,2009,180_IMERG,180,IMERG
307,0.0450030217652216,0.0240549535669597,Somalia,SON,2009,180_IMERG,180,IMERG
308,0.004906937394247,0.0039575108103026,Kenya,DJF,2009,180_IMERG,180,IMERG
309,0.1274828956080335,0.0001471345545501,Kenya,MAM,2009,180_IMERG,180,IMERG
310,0.2429375413815934,0.0003586404767159,Kenya,JJA,2009,180_IMERG,180,IMERG
311,0.1563191461668619,0.0004927390714192,Kenya,SON,2009,180_IMERG,180,IMERG
312,0.0160216755382918,0.0048194504387857,Ethiopia,DJF,2010,180_IMERG,180,IMERG
313,0.0090071494248559,0.0521148036253776,Ethiopia,MAM,2010,180_IMERG,180,IMERG
314,0.0053479949710082,0.0900574205775834,Ethiopia,JJA,2010,180_IMERG,180,IMERG
315,0.0113636902588132,0.0047190616892818,Ethiopia,SON,2010,180_IMERG,180,IMERG
316,0.1178414665633875,0.0185127807900852,Somalia,DJF,2010,180_IMERG,180,IMERG
317,0.0002525847842925,0.032911797393325,Somalia,MAM,2010,180_IMERG,180,IMERG
318,0.0,0.1150776277237059,Somalia,JJA,2010,180_IMERG,180,IMERG
319,0.0536342046799056,0.0308645653339688,Somalia,SON,2010,180_IMERG,180,IMERG
320,0.0137619853355893,0.0041925173904869,Kenya,DJF,2010,180_IMERG,180,IMERG
321,0.0,0.0101522842639593,Kenya,MAM,2010,180_IMERG,180,IMERG
322,6.437136761568455e-05,0.0133432649157654,Kenya,JJA,2010,180_IMERG,180,IMERG
323,0.0084044551049627,0.0,Kenya,SON,2010,180_IMERG,180,IMERG
324,0.0292907495324413,0.0342013139596221,Ethiopia,DJF,2011,180_IMERG,180,IMERG
325,0.1586384192452759,0.0,Ethiopia,MAM,2011,180_IMERG,180,IMERG
326,0.0400161378093862,0.0,Ethiopia,JJA,2011,180_IMERG,180,IMERG
327,0.0102206813471379,0.0162155496639743,Ethiopia,SON,2011,180_IMERG,180,IMERG
328,0.2524571822015664,0.0007057405972975,Somalia,DJF,2011,180_IMERG,180,IMERG
329,0.4610177482908429,0.000235745798673,Somalia,MAM,2011,180_IMERG,180,IMERG
330,0.1344003637220893,0.001498669720136,Somalia,JJA,2011,180_IMERG,180,IMERG
331,0.0496165337373702,0.0014215064563631,Somalia,SON,2011,180_IMERG,180,IMERG
332,0.0655292348185749,0.0701259635269787,Kenya,DJF,2011,180_IMERG,180,IMERG
333,0.2104208048260133,0.0,Kenya,MAM,2011,180_IMERG,180,IMERG
334,0.1267104391966453,0.0,Kenya,JJA,2011,180_IMERG,180,IMERG
335,0.0365277700303081,0.0604860452576188,Kenya,SON,2011,180_IMERG,180,IMERG
336,0.0029027684501156,0.0001790911126035,Ethiopia,DJF,2005,30_CHIRPS,30,CHIRPS
337,0.013001138785879,0.0191476625689841,Ethiopia,MAM,2005,30_CHIRPS,30,CHIRPS
338,0.0098475778900341,0.0086138931877244,Ethiopia,JJA,2005,30_CHIRPS,30,CHIRPS
339,0.0127012007468689,0.0008560948789289,Ethiopia,SON,2005,30_CHIRPS,30,CHIRPS
340,0.0033991670025527,0.0173585919656052,Somalia,DJF,2005,30_CHIRPS,30,CHIRPS
341,0.0076231533568161,0.0054150675569107,Somalia,MAM,2005,30_CHIRPS,30,CHIRPS
342,0.0036407128962725,0.0088717733031912,Somalia,JJA,2005,30_CHIRPS,30,CHIRPS
343,0.0109890109890109,0.0004517852159931,Somalia,SON,2005,30_CHIRPS,30,CHIRPS
344,0.0180610889774236,2.9511583296443856e-05,Kenya,DJF,2005,30_CHIRPS,30,CHIRPS
345,0.018520122408915,0.0042150239621225,Kenya,MAM,2005,30_CHIRPS,30,CHIRPS
346,0.0135256077140712,0.0433772157745828,Kenya,JJA,2005,30_CHIRPS,30,CHIRPS
347,0.0133239934036746,0.0021306714533806,Kenya,SON,2005,30_CHIRPS,30,CHIRPS
348,0.0026192075218267,0.0176777852399074,Ethiopia,DJF,2006,30_CHIRPS,30,CHIRPS
349,0.0079204017870178,0.0024965690425438,Ethiopia,MAM,2006,30_CHIRPS,30,CHIRPS
350,0.0054749321108418,0.0138990276520571,Ethiopia,JJA,2006,30_CHIRPS,30,CHIRPS
351,0.01116613406741,0.0292253079358519,Ethiopia,SON,2006,30_CHIRPS,30,CHIRPS
352,0.0005508531506113,0.0127771060056428,Somalia,DJF,2006,30_CHIRPS,30,CHIRPS
353,0.0029835445034435,0.0006308816571158,Somalia,MAM,2006,30_CHIRPS,30,CHIRPS
354,0.0101203932495662,0.0052836338783449,Somalia,JJA,2006,30_CHIRPS,30,CHIRPS
355,0.0052885445872144,0.0402221720238648,Somalia,SON,2006,30_CHIRPS,30,CHIRPS
356,0.0182381584772023,0.0255717869263686,Kenya,DJF,2006,30_CHIRPS,30,CHIRPS
357,0.002973612795196,0.0050811247762572,Kenya,MAM,2006,30_CHIRPS,30,CHIRPS
358,0.0109273052716669,0.0114902708008545,Kenya,JJA,2006,30_CHIRPS,30,CHIRPS
359,0.0152065729754972,0.0356376691038045,Kenya,SON,2006,30_CHIRPS,30,CHIRPS
360,0.0076262965450339,0.0080292515483919,Ethiopia,DJF,2007,30_CHIRPS,30,CHIRPS
361,0.0109644640406458,0.0013285835255642,Ethiopia,MAM,2007,30_CHIRPS,30,CHIRPS
362,0.0068838146406984,0.0512380646479983,Ethiopia,JJA,2007,30_CHIRPS,30,CHIRPS
363,0.009793430209817,0.0176827873268437,Ethiopia,SON,2007,30_CHIRPS,30,CHIRPS
364,0.0010210936450356,0.0183125083971516,Somalia,DJF,2007,30_CHIRPS,30,CHIRPS
365,0.0079648809210872,0.0105804111245465,Somalia,MAM,2007,30_CHIRPS,30,CHIRPS
366,0.0091214972924662,0.0328058461700226,Somalia,JJA,2007,30_CHIRPS,30,CHIRPS
367,0.0141780831019041,0.0484473205150351,Somalia,SON,2007,30_CHIRPS,30,CHIRPS
368,0.0033790762874428,0.0523092813929467,Kenya,DJF,2007,30_CHIRPS,30,CHIRPS
369,0.0194150932501876,0.0019631618453721,Kenya,MAM,2007,30_CHIRPS,30,CHIRPS
370,0.0159362549800796,0.13170506380276,Kenya,JJA,2007,30_CHIRPS,30,CHIRPS
371,0.0090480568568217,0.0337550895319819,Kenya,SON,2007,30_CHIRPS,30,CHIRPS
372,0.0126864404903357,0.005512955815172,Ethiopia,DJF,2008,30_CHIRPS,30,CHIRPS
373,0.037623733465705,0.0110666627733816,Ethiopia,MAM,2008,30_CHIRPS,30,CHIRPS
374,0.0055917306625397,0.0138990276520571,Ethiopia,JJA,2008,30_CHIRPS,30,CHIRPS
375,0.006627355183433,0.0636905069410106,Ethiopia,SON,2008,30_CHIRPS,30,CHIRPS
376,0.0122380642332274,0.0058466322069707,Somalia,DJF,2008,30_CHIRPS,30,CHIRPS
377,0.035513379948478,0.0003680142999842,Somalia,MAM,2008,30_CHIRPS,30,CHIRPS
378,0.0044293149676673,0.0237369223489827,Somalia,JJA,2008,30_CHIRPS,30,CHIRPS
379,0.0052353933853329,0.0277183517812296,Somalia,SON,2008,30_CHIRPS,30,CHIRPS
380,0.0652189775695751,0.0098215197816791,Kenya,DJF,2008,30_CHIRPS,30,CHIRPS
381,0.0242941278364801,0.0040995438535712,Kenya,MAM,2008,30_CHIRPS,30,CHIRPS
382,0.0078959524221952,0.0042583290028292,Kenya,JJA,2008,30_CHIRPS,30,CHIRPS
383,0.0042905301869445,0.0056915196357427,Kenya,SON,2008,30_CHIRPS,30,CHIRPS
384,0.0036937541974479,0.0162002835609282,Ethiopia,DJF,2009,30_CHIRPS,30,CHIRPS
385,0.0289733407305749,0.0028907641545244,Ethiopia,MAM,2009,30_CHIRPS,30,CHIRPS
386,0.0186001693578999,0.0012117849738663,Ethiopia,JJA,2009,30_CHIRPS,30,CHIRPS
387,0.0600963844751621,0.0018007512970575,Ethiopia,SON,2009,30_CHIRPS,30,CHIRPS
388,0.0028886201800349,0.0060728200994222,Somalia,DJF,2009,30_CHIRPS,30,CHIRPS
389,0.0133536617422848,0.0051390568319226,Somalia,MAM,2009,30_CHIRPS,30,CHIRPS
390,0.00703170180327,0.0041664476105357,Somalia,JJA,2009,30_CHIRPS,30,CHIRPS
391,0.0068033538408387,0.0175266088204419,Somalia,SON,2009,30_CHIRPS,30,CHIRPS
392,0.0046480743691899,0.0069057104913678,Kenya,DJF,2009,30_CHIRPS,30,CHIRPS
393,0.0224031410589525,0.0,Kenya,MAM,2009,30_CHIRPS,30,CHIRPS
394,0.0302269184133033,0.0009094058548415,Kenya,JJA,2009,30_CHIRPS,30,CHIRPS
395,0.0117478802737766,0.0168848415860368,Kenya,SON,2009,30_CHIRPS,30,CHIRPS
396,0.009670920080591,0.0189985821953585,Ethiopia,DJF,2010,30_CHIRPS,30,CHIRPS
397,0.0101030747218734,0.0784375273746605,Ethiopia,MAM,2010,30_CHIRPS,30,CHIRPS
398,0.0087014921014979,0.0062852220632464,Ethiopia,JJA,2010,30_CHIRPS,30,CHIRPS
399,0.0196754219588336,0.0038745673399803,Ethiopia,SON,2010,30_CHIRPS,30,CHIRPS
400,0.0019615746338841,0.0089211339513636,Somalia,DJF,2010,30_CHIRPS,30,CHIRPS
401,0.0012223332106619,0.1037668892276957,Somalia,MAM,2010,30_CHIRPS,30,CHIRPS
402,0.0043635981283844,0.007938594185374,Somalia,JJA,2010,30_CHIRPS,30,CHIRPS
403,0.0097000943433833,0.0040926425448795,Somalia,SON,2010,30_CHIRPS,30,CHIRPS
404,0.008646893905858,0.0285229452560129,Kenya,DJF,2010,30_CHIRPS,30,CHIRPS
405,0.004128413880709,0.0735463941336104,Kenya,MAM,2010,30_CHIRPS,30,CHIRPS
406,0.012572896818523,0.008920838385588,Kenya,JJA,2010,30_CHIRPS,30,CHIRPS
407,0.0045969966288691,0.0007734629248573,Kenya,SON,2010,30_CHIRPS,30,CHIRPS
408,0.0042235654055667,0.0170882769942541,Ethiopia,DJF,2011,30_CHIRPS,30,CHIRPS
409,0.0565304990218121,0.0018395771892428,Ethiopia,MAM,2011,30_CHIRPS,30,CHIRPS
410,0.002087774111601,0.0174832832072882,Ethiopia,JJA,2011,30_CHIRPS,30,CHIRPS
411,0.0044502173447774,0.029660735503583,Ethiopia,SON,2011,30_CHIRPS,30,CHIRPS
412,0.0007120784629853,0.0080612656187021,Somalia,DJF,2011,30_CHIRPS,30,CHIRPS
413,0.0419404868303454,0.0003943010356973,Somalia,MAM,2011,30_CHIRPS,30,CHIRPS
414,0.0108827085852478,0.0067556910782818,Somalia,JJA,2011,30_CHIRPS,30,CHIRPS
415,0.0027904380987815,0.0174335942171492,Somalia,SON,2011,30_CHIRPS,30,CHIRPS
416,0.0033348089124981,0.0536963258078795,Kenya,DJF,2011,30_CHIRPS,30,CHIRPS
417,0.0610745424100698,0.0,Kenya,MAM,2011,30_CHIRPS,30,CHIRPS
418,0.0057451354004272,0.0214215601362665,Kenya,JJA,2011,30_CHIRPS,30,CHIRPS
419,0.0106387636268114,0.085708448258249,Kenya,SON,2011,30_CHIRPS,30,CHIRPS
420,0.0097602612632672,0.0018555629778074,Ethiopia,DJF,2005,30_ERA5,30,ERA5
421,0.0058014579884406,0.013309227149952,Ethiopia,MAM,2005,30_ERA5,30,ERA5
422,0.0040007551334553,0.0120313089948011,Ethiopia,JJA,2005,30_ERA5,30,ERA5
423,0.0061588378221644,0.0040814229190982,Ethiopia,SON,2005,30_ERA5,30,ERA5
424,0.0012123634425792,0.001119104716227,Somalia,DJF,2005,30_ERA5,30,ERA5
425,0.0046267333958919,0.0083281201126055,Somalia,MAM,2005,30_ERA5,30,ERA5
426,0.0005604212282348,0.0091492023772286,Somalia,JJA,2005,30_ERA5,30,ERA5
427,0.0126623975544838,0.0032018341370859,Somalia,SON,2005,30_ERA5,30,ERA5
428,0.0194929157345264,0.0004325130499627,Kenya,DJF,2005,30_ERA5,30,ERA5
429,0.0092646629705281,0.0023635833090166,Kenya,MAM,2005,30_ERA5,30,ERA5
430,0.0028888240443536,0.0424569594397432,Kenya,JJA,2005,30_ERA5,30,ERA5
431,0.017788922486909,0.0067114093959731,Kenya,SON,2005,30_ERA5,30,ERA5
432,0.0026274771765753,0.0170711793958286,Ethiopia,DJF,2006,30_ERA5,30,ERA5
433,0.0010165258052336,0.0027518805727396,Ethiopia,MAM,2006,30_ERA5,30,ERA5
434,0.0031004037059626,0.0107461299410415,Ethiopia,JJA,2006,30_ERA5,30,ERA5
435,0.0009542895314438,0.011238594404927,Ethiopia,SON,2006,30_ERA5,30,ERA5
436,9.325872635225152e-05,0.0193711697308819,Somalia,DJF,2006,30_ERA5,30,ERA5
437,0.0020592221874674,0.0011729746637472,Somalia,MAM,2006,30_ERA5,30,ERA5
438,0.0016942967365238,0.0170341987279741,Somalia,JJA,2006,30_ERA5,30,ERA5
439,0.0002503491712124,0.0308851819643186,Somalia,SON,2006,30_ERA5,30,ERA5
440,0.015689783743475,0.0214466815809097,Kenya,DJF,2006,30_ERA5,30,ERA5
441,0.0,0.0095564633790487,Kenya,MAM,2006,30_ERA5,30,ERA5
442,0.0027575138605194,0.0255033557046979,Kenya,JJA,2006,30_ERA5,30,ERA5
443,0.00179954273914,0.0285124271701452,Kenya,SON,2006,30_ERA5,30,ERA5
444,0.0138499220663549,0.006167891338232,Ethiopia,DJF,2007,30_ERA5,30,ERA5
445,0.0035796230141442,0.0001379570735674,Ethiopia,MAM,2007,30_ERA5,30,ERA5
446,0.0022000522784699,0.0463608376172635,Ethiopia,JJA,2007,30_ERA5,30,ERA5
447,0.0074287769678551,0.0104751627797719,Ethiopia,SON,2007,30_ERA5,30,ERA5
448,0.0001465494271249,0.0008659738875566,Somalia,DJF,2007,30_ERA5,30,ERA5
449,0.0012511729746637,0.0038317172349077,Somalia,MAM,2007,30_ERA5,30,ERA5
450,0.0008992805755395,0.0177770826816807,Somalia,JJA,2007,30_ERA5,30,ERA5
451,0.0008696339631591,0.0168129232877434,Somalia,SON,2007,30_ERA5,30,ERA5
452,0.0003430275913497,0.0166293810589112,Kenya,DJF,2007,30_ERA5,30,ERA5
453,0.0049314269039976,0.0068427195798074,Kenya,MAM,2007,30_ERA5,30,ERA5
454,0.0034724248613948,0.0771812080536912,Kenya,JJA,2007,30_ERA5,30,ERA5
455,0.0013127811785529,0.0561545836713621,Kenya,SON,2007,30_ERA5,30,ERA5
456,0.0491312294919509,0.0120387294735992,Ethiopia,DJF,2008,30_ERA5,30,ERA5
457,0.0805451482675495,0.0006970462664459,Ethiopia,MAM,2008,30_ERA5,30,ERA5
458,0.0046251924138131,0.0019023554355086,Ethiopia,JJA,2008,30_ERA5,30,ERA5
459,0.0089776622842755,0.0566187319694333,Ethiopia,SON,2008,30_ERA5,30,ERA5
460,0.0697683611352676,0.0477244577964002,Somalia,DJF,2008,30_ERA5,30,ERA5
461,0.0724246689604837,5.213220727765613e-05,Somalia,MAM,2008,30_ERA5,30,ERA5
462,0.0007037847982483,0.0395031800646439,Somalia,JJA,2008,30_ERA5,30,ERA5
463,7.905763301446754e-05,0.129865338498432,Somalia,SON,2008,30_ERA5,30,ERA5
464,0.106600781768567,0.0007080168153993,Kenya,DJF,2008,30_ERA5,30,ERA5
465,0.0464838050773271,0.0001459002042602,Kenya,MAM,2008,30_ERA5,30,ERA5
466,0.0151444412022176,0.0009483513276918,Kenya,JJA,2008,30_ERA5,30,ERA5
467,0.0011505273250239,0.0289254369791282,Kenya,SON,2008,30_ERA5,30,ERA5
468,0.0007570696949454,0.0045646849254063,Ethiopia,DJF,2009,30_ERA5,30,ERA5
469,0.0662702216026255,0.0023234875548197,Ethiopia,MAM,2009,30_ERA5,30,ERA5
470,0.1010644477360518,0.0069777235630681,Ethiopia,JJA,2009,30_ERA5,30,ERA5
471,0.0498432762961821,0.0032078809633919,Ethiopia,SON,2009,30_ERA5,30,ERA5
472,0.0047561950439648,0.0041833200106581,Somalia,DJF,2009,30_ERA5,30,ERA5
473,0.0189761234490668,0.0100615160045876,Somalia,MAM,2009,30_ERA5,30,ERA5
474,0.0132024814930664,0.0003649254509435,Somalia,JJA,2009,30_ERA5,30,ERA5
475,0.004400874904472,0.015231770627454,Somalia,SON,2009,30_ERA5,30,ERA5
476,0.0103952274422073,8.94854586129754e-05,Kenya,DJF,2009,30_ERA5,30,ERA5
477,0.0181208053691275,0.0001750802451123,Kenya,MAM,2009,30_ERA5,30,ERA5
478,0.0988619784067697,0.0,Kenya,JJA,2009,30_ERA5,30,ERA5
479,0.0387049192418319,0.0186739435061582,Kenya,SON,2009,30_ERA5,30,ERA5
480,0.0192904327172864,0.0138573443182661,Ethiopia,DJF,2010,30_ERA5,30,ERA5
481,0.0007406116580988,0.1057332055415178,Ethiopia,MAM,2010,30_ERA5,30,ERA5
482,0.0028825767476982,0.067678835932735,Ethiopia,JJA,2010,30_ERA5,30,ERA5
483,0.0691346062087545,0.0044337759768621,Ethiopia,SON,2010,30_ERA5,30,ERA5
484,0.0805355715427657,0.0165334399147348,Somalia,DJF,2010,30_ERA5,30,ERA5
485,2.6066103638828067e-05,0.0957016995099572,Somalia,MAM,2010,30_ERA5,30,ERA5
486,0.0001563966218329,0.1059587112918361,Somalia,JJA,2010,30_ERA5,30,ERA5
487,0.1984873639549898,0.001014572957019,Somalia,SON,2010,30_ERA5,30,ERA5
488,0.0561372110365398,0.0297688292319164,Kenya,DJF,2010,30_ERA5,30,ERA5
489,1.4590020426028596e-05,0.0909833673767143,Kenya,MAM,2010,30_ERA5,30,ERA5
490,0.0051940472716661,0.0100671140939597,Kenya,JJA,2010,30_ERA5,30,ERA5
491,0.0360351058337635,0.0002360056051331,Kenya,SON,2010,30_ERA5,30,ERA5
492,0.0004230683589401,0.0161730869145698,Ethiopia,DJF,2011,30_ERA5,30,ERA5
493,0.1157895501147222,0.0023815747436902,Ethiopia,MAM,2011,30_ERA5,30,ERA5
494,0.0144056228398826,0.0053077168830414,Ethiopia,JJA,2011,30_ERA5,30,ERA5
495,0.0114808371321397,0.012993019005043,Ethiopia,SON,2011,30_ERA5,30,ERA5
496,0.0010658140154543,0.0042099653610444,Somalia,DJF,2011,30_ERA5,30,ERA5
497,0.0622458554895214,0.0147664477113961,Somalia,MAM,2011,30_ERA5,30,ERA5
498,0.0311489938483995,0.0318918778021061,Somalia,JJA,2011,30_ERA5,30,ERA5
499,0.0066276649010461,0.0158774079637388,Somalia,SON,2011,30_ERA5,30,ERA5
500,0.0006114839671886,0.0269351230425055,Kenya,DJF,2011,30_ERA5,30,ERA5
501,0.0705719288007003,0.0,Kenya,MAM,2011,30_ERA5,30,ERA5
502,0.0365334111467756,0.0241756638459293,Kenya,JJA,2011,30_ERA5,30,ERA5
503,0.0283501733166162,0.104712736927502,Kenya,SON,2011,30_ERA5,30,ERA5
504,0.0004830917874396,0.0,Ethiopia,DJF,2005,30_GPCC,30,GPCC
505,0.0555293005671077,0.0132325141776937,Ethiopia,MAM,2005,30_GPCC,30,GPCC
506,0.012523629489603,0.015477315689981,Ethiopia,JJA,2005,30_GPCC,30,GPCC
507,0.0086000955566172,0.007166746297181,Ethiopia,SON,2005,30_GPCC,30,GPCC
508,0.0077777777777777,0.024,Somalia,DJF,2005,30_GPCC,30,GPCC
509,0.0130434782608695,0.0104347826086956,Somalia,MAM,2005,30_GPCC,30,GPCC
510,0.0180434782608695,0.0165217391304347,Somalia,JJA,2005,30_GPCC,30,GPCC
511,0.0116483516483516,0.0,Somalia,SON,2005,30_GPCC,30,GPCC
512,0.0543735224586288,0.0,Kenya,DJF,2005,30_GPCC,30,GPCC
513,0.0282146160962072,0.0106382978723404,Kenya,MAM,2005,30_GPCC,30,GPCC
514,0.001850138760407,0.0814061054579093,Kenya,JJA,2005,30_GPCC,30,GPCC
515,0.0306289455225625,0.0079494973111994,Kenya,SON,2005,30_GPCC,30,GPCC
516,0.0014492753623188,0.0609903381642512,Ethiopia,DJF,2006,30_GPCC,30,GPCC
517,0.0003544423440453,0.0453686200378071,Ethiopia,MAM,2006,30_GPCC,30,GPCC
518,0.0003544423440453,0.0153591682419659,Ethiopia,JJA,2006,30_GPCC,30,GPCC
519,0.0,0.0217391304347826,Ethiopia,SON,2006,30_GPCC,30,GPCC
520,0.0,0.05,Somalia,DJF,2006,30_GPCC,30,GPCC
521,0.0084782608695652,0.0006521739130434,Somalia,MAM,2006,30_GPCC,30,GPCC
522,0.0034782608695652,0.1663043478260869,Somalia,JJA,2006,30_GPCC,30,GPCC
523,0.0,0.0657142857142857,Somalia,SON,2006,30_GPCC,30,GPCC
524,0.0059101654846335,0.0732860520094562,Kenya,DJF,2006,30_GPCC,30,GPCC
525,0.0006938020351526,0.0030064754856614,Kenya,MAM,2006,30_GPCC,30,GPCC
526,0.009481961147086,0.0390841813135985,Kenya,JJA,2006,30_GPCC,30,GPCC
527,0.0,0.0376432078559738,Kenya,SON,2006,30_GPCC,30,GPCC
528,0.0,0.0392512077294685,Ethiopia,DJF,2007,30_GPCC,30,GPCC
529,0.0,0.0011814744801512,Ethiopia,MAM,2007,30_GPCC,30,GPCC
530,0.0011814744801512,0.051984877126654,Ethiopia,JJA,2007,30_GPCC,30,GPCC
531,0.0058528428093645,0.0111084567606306,Ethiopia,SON,2007,30_GPCC,30,GPCC
532,0.0011111111111111,0.0493333333333333,Somalia,DJF,2007,30_GPCC,30,GPCC
533,0.0,0.0,Somalia,MAM,2007,30_GPCC,30,GPCC
534,0.0,0.0306521739130434,Somalia,JJA,2007,30_GPCC,30,GPCC
535,0.0021978021978021,0.0426373626373626,Somalia,SON,2007,30_GPCC,30,GPCC
536,0.001418439716312,0.0156028368794326,Kenya,DJF,2007,30_GPCC,30,GPCC
537,0.0185013876040703,0.0004625346901017,Kenya,MAM,2007,30_GPCC,30,GPCC
538,0.0,0.0555041628122109,Kenya,JJA,2007,30_GPCC,30,GPCC
539,0.005845218611176,0.0229132569558101,Kenya,SON,2007,30_GPCC,30,GPCC
540,0.0283086478738652,0.0047778308647873,Ethiopia,DJF,2008,30_GPCC,30,GPCC
541,0.0012996219281663,0.0082703213610586,Ethiopia,MAM,2008,30_GPCC,30,GPCC
542,0.0094517958412098,0.0191398865784499,Ethiopia,JJA,2008,30_GPCC,30,GPCC
543,0.0106306736741519,0.0661729574773053,Ethiopia,SON,2008,30_GPCC,30,GPCC
544,0.012087912087912,0.001098901098901,Somalia,DJF,2008,30_GPCC,30,GPCC
545,0.0017391304347826,0.0,Somalia,MAM,2008,30_GPCC,30,GPCC
546,0.0,0.0580434782608695,Somalia,JJA,2008,30_GPCC,30,GPCC
547,0.0026373626373626,0.0707692307692307,Somalia,SON,2008,30_GPCC,30,GPCC
548,0.1026420388122515,0.0254851531447276,Kenya,DJF,2008,30_GPCC,30,GPCC
549,0.0175763182238667,0.0,Kenya,MAM,2008,30_GPCC,30,GPCC
550,0.0080943570767807,0.0080943570767807,Kenya,JJA,2008,30_GPCC,30,GPCC
551,0.0037409399111526,0.0219780219780219,Kenya,SON,2008,30_GPCC,30,GPCC
552,0.0036231884057971,0.0,Ethiopia,DJF,2009,30_GPCC,30,GPCC
553,0.1370510396975425,0.0,Ethiopia,MAM,2009,30_GPCC,30,GPCC
554,0.3761814744801511,0.0,Ethiopia,JJA,2009,30_GPCC,30,GPCC
555,0.1039178213091256,0.0086000955566172,Ethiopia,SON,2009,30_GPCC,30,GPCC
556,0.0066666666666666,0.0004444444444444,Somalia,DJF,2009,30_GPCC,30,GPCC
557,0.0626086956521739,0.0002173913043478,Somalia,MAM,2009,30_GPCC,30,GPCC
558,0.025,0.0,Somalia,JJA,2009,30_GPCC,30,GPCC
559,0.0406593406593406,0.0276923076923076,Somalia,SON,2009,30_GPCC,30,GPCC
560,0.0222222222222222,0.0054373522458628,Kenya,DJF,2009,30_GPCC,30,GPCC
561,0.0298334875115633,0.0,Kenya,MAM,2009,30_GPCC,30,GPCC
562,0.0867252543940795,0.0,Kenya,JJA,2009,30_GPCC,30,GPCC
563,0.0198737432779986,0.016834229600187,Kenya,SON,2009,30_GPCC,30,GPCC
564,0.0113526570048309,0.0039855072463768,Ethiopia,DJF,2010,30_GPCC,30,GPCC
565,0.0395793950850661,0.0276465028355387,Ethiopia,MAM,2010,30_GPCC,30,GPCC
566,0.010633270321361,0.0101606805293005,Ethiopia,JJA,2010,30_GPCC,30,GPCC
567,0.0083612040133779,0.0168418537983755,Ethiopia,SON,2010,30_GPCC,30,GPCC
568,0.0391111111111111,0.0144444444444444,Somalia,DJF,2010,30_GPCC,30,GPCC
569,0.0,0.0593478260869565,Somalia,MAM,2010,30_GPCC,30,GPCC
570,0.0004347826086956,0.0004347826086956,Somalia,JJA,2010,30_GPCC,30,GPCC
571,0.0545054945054945,0.0002197802197802,Somalia,SON,2010,30_GPCC,30,GPCC
572,0.0300236406619385,0.0144208037825059,Kenya,DJF,2010,30_GPCC,30,GPCC
573,0.0004625346901017,0.125809435707678,Kenya,MAM,2010,30_GPCC,30,GPCC
574,0.0025439407955596,0.0085568917668825,Kenya,JJA,2010,30_GPCC,30,GPCC
575,0.0079494973111994,0.0,Kenya,SON,2010,30_GPCC,30,GPCC
576,0.0008454106280193,0.0014492753623188,Ethiopia,DJF,2011,30_GPCC,30,GPCC
577,0.0628544423440453,0.0,Ethiopia,MAM,2011,30_GPCC,30,GPCC
578,0.061554820415879,0.0053166351606805,Ethiopia,JJA,2011,30_GPCC,30,GPCC
579,0.0592451027233635,0.0105112279025322,Ethiopia,SON,2011,30_GPCC,30,GPCC
580,0.0008888888888888,0.0006666666666666,Somalia,DJF,2011,30_GPCC,30,GPCC
581,0.0641304347826087,0.0321739130434782,Somalia,MAM,2011,30_GPCC,30,GPCC
582,0.0191304347826086,0.0282608695652173,Somalia,JJA,2011,30_GPCC,30,GPCC
583,0.0142857142857142,0.001098901098901,Somalia,SON,2011,30_GPCC,30,GPCC
584,0.0,0.0075650118203309,Kenya,DJF,2011,30_GPCC,30,GPCC
585,0.0136447733580018,0.0,Kenya,MAM,2011,30_GPCC,30,GPCC
586,0.022895467160037,0.0205827937095282,Kenya,JJA,2011,30_GPCC,30,GPCC
587,0.0,0.1126958148234743,Kenya,SON,2011,30_GPCC,30,GPCC
588,0.0163046084496235,0.0061142281686088,Ethiopia,DJF,2005,30_IMERG,30,IMERG
589,0.0051087425644105,0.0699133061867857,Ethiopia,MAM,2005,30_IMERG,30,IMERG
590,0.0224850349965284,0.0246336154322493,Ethiopia,JJA,2005,30_IMERG,30,IMERG
591,0.0505247881165015,0.0034811972662641,Ethiopia,SON,2005,30_IMERG,30,IMERG
592,0.0081762630174713,0.0124967725277562,Somalia,DJF,2005,30_IMERG,30,IMERG
593,0.0009008857306435,0.0933974337385915,Somalia,MAM,2005,30_IMERG,30,IMERG
594,0.014254201326912,0.0218570033341191,Somalia,JJA,2005,30_IMERG,30,IMERG
595,0.0485440198840663,0.0008597134855849,Somalia,SON,2005,30_IMERG,30,IMERG
596,0.0376198533558939,0.0037977063357774,Kenya,DJF,2005,30_IMERG,30,IMERG
597,0.0078533068491135,0.016571029206209,Kenya,MAM,2005,30_IMERG,30,IMERG
598,0.0122857353049363,0.0343191348488192,Kenya,JJA,2005,30_IMERG,30,IMERG
599,0.0656272661348803,0.0034026886818764,Kenya,SON,2005,30_IMERG,30,IMERG
600,0.003951469812497,0.0253488706660912,Ethiopia,DJF,2006,30_IMERG,30,IMERG
601,0.0104098252988309,0.0446182282186485,Ethiopia,MAM,2006,30_IMERG,30,IMERG
602,0.0082424799684749,0.0286821414497757,Ethiopia,JJA,2006,30_IMERG,30,IMERG
603,0.0155420755334436,0.0236142795486774,Ethiopia,SON,2006,30_IMERG,30,IMERG
604,0.0027885360185902,0.044564936741544,Somalia,DJF,2006,30_IMERG,30,IMERG
605,0.0056999966322028,0.0317583268783888,Somalia,MAM,2006,30_IMERG,30,IMERG
606,0.0128397265348735,0.0152561209712726,Somalia,JJA,2006,30_IMERG,30,IMERG
607,0.0026812846332598,0.0600948238438556,Somalia,SON,2006,30_IMERG,30,IMERG
608,0.0128031584884376,0.0309080654258319,Kenya,DJF,2006,30_IMERG,30,IMERG
609,0.0049198116677701,0.0225575663944677,Kenya,MAM,2006,30_IMERG,30,IMERG
610,0.0141525049657912,0.0154399323181049,Kenya,JJA,2006,30_IMERG,30,IMERG
611,0.0206020713634926,0.0148379539242483,Kenya,SON,2006,30_IMERG,30,IMERG
612,0.0208123531386371,0.0195990984510621,Ethiopia,DJF,2007,30_IMERG,30,IMERG
613,0.0071447336323206,0.0077170629186917,Ethiopia,MAM,2007,30_IMERG,30,IMERG
614,0.0130885140079938,0.0652033176333714,Ethiopia,JJA,2007,30_IMERG,30,IMERG
615,0.0390235573662418,0.0256299591647023,Ethiopia,SON,2007,30_IMERG,30,IMERG
616,0.0040881315087356,0.016283673293743,Somalia,DJF,2007,30_IMERG,30,IMERG
617,0.0061546492439295,0.0135469639308928,Somalia,MAM,2007,30_IMERG,30,IMERG
618,0.0036203819081938,0.0301165257804869,Somalia,JJA,2007,30_IMERG,30,IMERG
619,0.0143001847107191,0.0326010163345562,Somalia,SON,2007,30_IMERG,30,IMERG
620,0.0136021808610641,0.016168452716676,Kenya,DJF,2007,30_IMERG,30,IMERG
621,0.0214816449643198,0.0059313617303023,Kenya,MAM,2007,30_IMERG,30,IMERG
622,0.0052600603251673,0.0321305083498859,Kenya,JJA,2007,30_IMERG,30,IMERG
623,0.0162232015023893,0.0045183243152786,Kenya,SON,2007,30_IMERG,30,IMERG
624,0.0337970186912785,0.0579662029813087,Ethiopia,DJF,2008,30_IMERG,30,IMERG
625,0.0958510817961757,0.0334671895817305,Ethiopia,MAM,2008,30_IMERG,30,IMERG
626,0.0216171586196543,0.0238736371995271,Ethiopia,JJA,2008,30_IMERG,30,IMERG
627,0.0233723979947544,0.0532044563119228,Ethiopia,SON,2008,30_IMERG,30,IMERG
628,0.0542130216801014,0.1109796477728313,Somalia,DJF,2008,30_IMERG,30,IMERG
629,0.0599299498198228,0.0036456403866231,Somalia,MAM,2008,30_IMERG,30,IMERG
630,0.0104233320984743,0.0122335230525713,Somalia,JJA,2008,30_IMERG,30,IMERG
631,0.01216366901882,0.0691260714498514,Somalia,SON,2008,30_IMERG,30,IMERG
632,0.1136925680072888,0.0104962719175917,Kenya,DJF,2008,30_IMERG,30,IMERG
633,0.059157286838814,0.0060601044655337,Kenya,MAM,2008,30_IMERG,30,IMERG
634,0.0156790259692488,0.0086349591701611,Kenya,JJA,2008,30_IMERG,30,IMERG
635,0.0007251631617113,0.031962960896971,Kenya,SON,2008,30_IMERG,30,IMERG
636,0.0033951949359804,0.0156092648539778,Ethiopia,DJF,2009,30_IMERG,30,IMERG
637,0.0535034058283762,0.0219830740650391,Ethiopia,MAM,2009,30_IMERG,30,IMERG
638,0.0754583325514627,0.0227336698504437,Ethiopia,JJA,2009,30_IMERG,30,IMERG
639,0.0604277035006426,0.0087219642679288,Ethiopia,SON,2009,30_IMERG,30,IMERG
640,0.0137275152767019,0.015715638178845,Somalia,DJF,2009,30_IMERG,30,IMERG
641,0.0409355740410197,0.0251827029939716,Somalia,MAM,2009,30_IMERG,30,IMERG
642,0.0365405987943286,0.0139847775569999,Somalia,JJA,2009,30_IMERG,30,IMERG
643,0.0266255820090057,0.0317413028489713,Somalia,SON,2009,30_IMERG,30,IMERG
644,0.0166478661402519,0.0076424139875916,Kenya,DJF,2009,30_IMERG,30,IMERG
645,0.0542282792613845,0.0009471786949165,Kenya,MAM,2009,30_IMERG,30,IMERG
646,0.073374163172221,0.0019495328477893,Kenya,JJA,2009,30_IMERG,30,IMERG
647,0.0299641137204588,0.0137409122180695,Kenya,SON,2009,30_IMERG,30,IMERG
648,0.0096005370929842,0.0178391598331175,Ethiopia,DJF,2010,30_IMERG,30,IMERG
649,0.0074027509335535,0.0862950592032425,Ethiopia,MAM,2010,30_IMERG,30,IMERG
650,0.0079703889962657,0.0160674410313186,Ethiopia,JJA,2010,30_IMERG,30,IMERG
651,0.0279871186215597,0.0074698715182098,Ethiopia,SON,2010,30_IMERG,30,IMERG
652,0.0408899216800068,0.015973835958344,Somalia,DJF,2010,30_IMERG,30,IMERG
653,0.0008335297881655,0.1599872023709292,Somalia,MAM,2010,30_IMERG,30,IMERG
654,0.0034856700232378,0.0278685212002828,Somalia,JJA,2010,30_IMERG,30,IMERG
655,0.1196874388198942,0.0039410628101565,Somalia,SON,2010,30_IMERG,30,IMERG
656,0.0166102650874224,0.0326377138559879,Kenya,DJF,2010,30_IMERG,30,IMERG
657,0.0012506437136761,0.0768778047524461,Kenya,MAM,2010,30_IMERG,30,IMERG
658,0.0062256308394026,0.0047542852939012,Kenya,JJA,2010,30_IMERG,30,IMERG
659,0.0218943493055168,0.0003253937264089,Kenya,SON,2010,30_IMERG,30,IMERG
660,0.0027765789095094,0.0133074377787368,Ethiopia,DJF,2011,30_IMERG,30,IMERG
661,0.0900386556829483,0.0006380064175939,Ethiopia,MAM,2011,30_IMERG,30,IMERG
662,0.0059906926122609,0.0090071494248559,Ethiopia,JJA,2011,30_IMERG,30,IMERG
663,0.0087883631258685,0.0422059597717776,Ethiopia,SON,2011,30_IMERG,30,IMERG
664,0.0052242017385317,0.0012479559342456,Somalia,DJF,2011,30_IMERG,30,IMERG
665,0.0710268413430774,0.0009429831946923,Somalia,MAM,2011,30_IMERG,30,IMERG
666,0.0311858013673256,0.0111642474657326,Somalia,JJA,2011,30_IMERG,30,IMERG
667,0.0033281977511257,0.0045539278691873,Somalia,SON,2011,30_IMERG,30,IMERG
668,0.0058281631885692,0.0100394811054709,Kenya,DJF,2011,30_IMERG,30,IMERG
669,0.0608033546678437,9.195909659383508e-06,Kenya,MAM,2011,30_IMERG,30,IMERG
670,0.0155502832340175,0.0180147870227322,Kenya,JJA,2011,30_IMERG,30,IMERG
671,0.0001952362358453,0.0743106301481936,Kenya,SON,2011,30_IMERG,30,IMERG
672,0.0027460637265875,0.0077531527497947,Ethiopia,DJF,2005,60_CHIRPS,60,CHIRPS
673,0.0029345636114112,0.00936578386428,Ethiopia,MAM,2005,60_CHIRPS,60,CHIRPS
674,0.0023505708529214,0.0144757205010657,Ethiopia,JJA,2005,60_CHIRPS,60,CHIRPS
675,0.0129004642100679,0.000516608978664,Ethiopia,SON,2005,60_CHIRPS,60,CHIRPS
676,0.0038962783823726,0.0108155313717587,Somalia,DJF,2005,60_CHIRPS,60,CHIRPS
677,0.0040218705641133,0.0103175437674149,Somalia,MAM,2005,60_CHIRPS,60,CHIRPS
678,0.0023658062141843,0.02413122338468,Somalia,JJA,2005,60_CHIRPS,60,CHIRPS
679,0.0142046587028449,0.000823843629164,Somalia,SON,2005,60_CHIRPS,60,CHIRPS
680,0.0112734248192415,0.0,Kenya,DJF,2005,60_CHIRPS,60,CHIRPS
681,0.0130203822391593,2.887002713782551e-05,Kenya,MAM,2005,60_CHIRPS,60,CHIRPS
682,0.0029303077544892,0.0384548761475835,Kenya,JJA,2005,60_CHIRPS,60,CHIRPS
683,0.0333318739693241,0.0008610247654072,Kenya,SON,2005,60_CHIRPS,60,CHIRPS
684,0.0070517125587642,0.0452802029699276,Ethiopia,DJF,2006,60_CHIRPS,60,CHIRPS
685,0.010139574269279,0.0023213712149969,Ethiopia,MAM,2006,60_CHIRPS,60,CHIRPS
686,0.0062268227873974,0.0074824072181504,Ethiopia,JJA,2006,60_CHIRPS,60,CHIRPS
687,0.0034317596439826,0.0161182001343183,Ethiopia,SON,2006,60_CHIRPS,60,CHIRPS
688,0.0083434099153567,0.0341932016659949,Somalia,DJF,2006,60_CHIRPS,60,CHIRPS
689,0.0040744440355396,0.0005520214499763,Somalia,MAM,2006,60_CHIRPS,60,CHIRPS
690,0.0124599127280374,0.0019189317070606,Somalia,JJA,2006,60_CHIRPS,60,CHIRPS
691,0.0025911210917256,0.00616553941826,Somalia,SON,2006,60_CHIRPS,60,CHIRPS
692,0.0440607938615906,0.0478677881068319,Kenya,DJF,2006,60_CHIRPS,60,CHIRPS
693,0.0003031352849471,0.0028148276459379,Kenya,MAM,2006,60_CHIRPS,60,CHIRPS
694,0.0126595068999364,0.0032911830937121,Kenya,JJA,2006,60_CHIRPS,60,CHIRPS
695,0.0110473855493775,0.0273776688119317,Kenya,SON,2006,60_CHIRPS,60,CHIRPS
696,0.0151779717931497,0.013319901499888,Ethiopia,DJF,2007,60_CHIRPS,60,CHIRPS
697,0.00292726370193,0.001730078547026,Ethiopia,MAM,2007,60_CHIRPS,60,CHIRPS
698,0.0014380821677811,0.0344409729319356,Ethiopia,JJA,2007,60_CHIRPS,60,CHIRPS
699,0.0024575827127875,0.0309301175654432,Ethiopia,SON,2007,60_CHIRPS,60,CHIRPS
700,0.0040440682520489,0.029235523310493,Somalia,DJF,2007,60_CHIRPS,60,CHIRPS
701,0.006124809421166,0.0078071605068082,Somalia,MAM,2007,60_CHIRPS,60,CHIRPS
702,0.0024972398927501,0.0208585247883917,Somalia,JJA,2007,60_CHIRPS,60,CHIRPS
703,0.0013420678475092,0.0623330720065907,Somalia,SON,2007,60_CHIRPS,60,CHIRPS
704,0.0016083812896561,0.114032757857459,Kenya,DJF,2007,60_CHIRPS,60,CHIRPS
705,0.012240891506438,0.0002598302442404,Kenya,MAM,2007,60_CHIRPS,60,CHIRPS
706,0.0025405623881286,0.1081471216582943,Kenya,JJA,2007,60_CHIRPS,60,CHIRPS
707,0.0052537104329933,0.0875618405498883,Kenya,SON,2007,60_CHIRPS,60,CHIRPS
708,0.01447243153086,0.0368932612048797,Ethiopia,DJF,2008,60_CHIRPS,60,CHIRPS
709,0.0877230122346482,0.0085992933687622,Ethiopia,MAM,2008,60_CHIRPS,60,CHIRPS
710,0.0054019330160306,0.0320247028936841,Ethiopia,JJA,2008,60_CHIRPS,60,CHIRPS
711,0.0032989173351832,0.0189743097735038,Ethiopia,SON,2008,60_CHIRPS,60,CHIRPS
712,0.0012623410446868,0.0053948469909775,Somalia,DJF,2008,60_CHIRPS,60,CHIRPS
713,0.0264181693917249,0.0006177382892592,Somalia,MAM,2008,60_CHIRPS,60,CHIRPS
714,0.0069922716997003,0.0194390410598811,Somalia,JJA,2008,60_CHIRPS,60,CHIRPS
715,0.0034814037232416,0.0316781163214053,Somalia,SON,2008,60_CHIRPS,60,CHIRPS
716,0.0034878799819038,0.0,Kenya,DJF,2008,60_CHIRPS,60,CHIRPS
717,0.0012991512212021,0.0042150239621225,Kenya,MAM,2008,60_CHIRPS,60,CHIRPS
718,0.0136988278768982,0.0012558461804954,Kenya,JJA,2008,60_CHIRPS,60,CHIRPS
719,0.0053266786334515,0.0085956540139807,Kenya,SON,2008,60_CHIRPS,60,CHIRPS
720,0.0291470785762256,0.0012163271397656,Ethiopia,DJF,2009,60_CHIRPS,60,CHIRPS
721,0.008708792010979,0.00435804596023,Ethiopia,MAM,2009,60_CHIRPS,60,CHIRPS
722,0.0561582036382748,0.0001313983706602,Ethiopia,JJA,2009,60_CHIRPS,60,CHIRPS
723,0.0486350452770869,0.0003985269263979,Ethiopia,SON,2009,60_CHIRPS,60,CHIRPS
724,0.018366250167943,0.0028214429665457,Somalia,DJF,2009,60_CHIRPS,60,CHIRPS
725,0.0069791283318437,0.0030361179748698,Somalia,MAM,2009,60_CHIRPS,60,CHIRPS
726,0.018755585931339,0.000341727564271,Somalia,JJA,2009,60_CHIRPS,60,CHIRPS
727,0.0114540840054745,0.0225892607996598,Somalia,SON,2009,60_CHIRPS,60,CHIRPS
728,0.078397521027003,0.0010476612070237,Kenya,DJF,2009,60_CHIRPS,60,CHIRPS
729,0.0146804087995842,0.0,Kenya,MAM,2009,60_CHIRPS,60,CHIRPS
730,0.0639038050695767,0.0005052254749119,Kenya,JJA,2009,60_CHIRPS,60,CHIRPS
731,0.0284575981787137,0.0178042409118106,Kenya,SON,2009,60_CHIRPS,60,CHIRPS
732,0.0108573987015894,0.0123498246399522,Ethiopia,DJF,2010,60_CHIRPS,60,CHIRPS
733,0.0106505679329576,0.0935775396385084,Ethiopia,MAM,2010,60_CHIRPS,60,CHIRPS
734,0.0033871579992408,0.0137384296434724,Ethiopia,JJA,2010,60_CHIRPS,60,CHIRPS
735,0.0181477354076413,0.002944671178385,Ethiopia,SON,2010,60_CHIRPS,60,CHIRPS
736,0.013260781942765,0.0050114201262931,Somalia,DJF,2010,60_CHIRPS,60,CHIRPS
737,0.0001708637821355,0.1128620997844487,Somalia,MAM,2010,60_CHIRPS,60,CHIRPS
738,0.0007886020713947,0.0323326849271857,Somalia,JJA,2010,60_CHIRPS,60,CHIRPS
739,0.0054479981928591,0.0060725248149673,Somalia,SON,2010,60_CHIRPS,60,CHIRPS
740,0.0052087944518223,0.036107422163199,Kenya,DJF,2010,60_CHIRPS,60,CHIRPS
741,0.0002742652578093,0.0707460015012414,Kenya,MAM,2010,60_CHIRPS,60,CHIRPS
742,0.0105952999595819,0.0035077082972457,Kenya,JJA,2010,60_CHIRPS,60,CHIRPS
743,0.0050056185514352,0.0011528975672401,Kenya,SON,2010,60_CHIRPS,60,CHIRPS
744,0.0028430714125811,0.0355048130736512,Ethiopia,DJF,2011,60_CHIRPS,60,CHIRPS
745,0.093672438461763,9.489882325459164e-05,Ethiopia,MAM,2011,60_CHIRPS,60,CHIRPS
746,0.0047595409816918,0.0240605016497795,Ethiopia,JJA,2011,60_CHIRPS,60,CHIRPS
747,0.0023099801474549,0.0254024014937379,Ethiopia,SON,2011,60_CHIRPS,60,CHIRPS
748,0.0006180303641004,0.0165390299610372,Somalia,DJF,2011,60_CHIRPS,60,CHIRPS
749,0.0627070080437411,0.0002760107249881,Somalia,MAM,2011,60_CHIRPS,60,CHIRPS
750,0.0062430997318752,0.0014852005677934,Somalia,JJA,2011,60_CHIRPS,60,CHIRPS
751,0.0031624965119523,0.0248348990791554,Somalia,SON,2011,60_CHIRPS,60,CHIRPS
752,0.0060498745757709,0.114431164231961,Kenya,DJF,2011,60_CHIRPS,60,CHIRPS
753,0.1012038801316473,0.0,Kenya,MAM,2011,60_CHIRPS,60,CHIRPS
754,0.0146226687453086,0.0137998729718805,Kenya,JJA,2011,60_CHIRPS,60,CHIRPS
755,0.0076762546882068,0.093297141105906,Kenya,SON,2011,60_CHIRPS,60,CHIRPS
756,0.0006308914124545,0.0078304757663475,Ethiopia,DJF,2005,60_ERA5,60,ERA5
757,0.0002396096540907,0.0019313990299439,Ethiopia,MAM,2005,60_ERA5,60,ERA5
758,0.0015901367953297,0.020294211611629,Ethiopia,JJA,2005,60_ERA5,60,ERA5
759,0.0062102226430883,0.0033253319826466,Ethiopia,SON,2005,60_ERA5,60,ERA5
760,0.000226485478284,0.0444311217692512,Somalia,DJF,2005,60_ERA5,60,ERA5
761,0.0012511729746637,0.0040141799603795,Somalia,MAM,2005,60_ERA5,60,ERA5
762,6.516525909707016e-05,0.0064643937024293,Somalia,JJA,2005,60_ERA5,60,ERA5
763,0.0051782749624476,0.0009882204126808,Somalia,SON,2005,60_ERA5,60,ERA5
764,0.0037733035048471,0.0002684563758389,Kenya,DJF,2005,60_ERA5,60,ERA5
765,0.0026262036766851,0.0001459002042602,Kenya,MAM,2005,60_ERA5,60,ERA5
766,0.0008608112051356,0.0150860811205135,Kenya,JJA,2005,60_ERA5,60,ERA5
767,0.0054428792683826,0.0026845637583892,Kenya,SON,2005,60_ERA5,60,ERA5
768,0.0072812291249164,0.0199732798931195,Ethiopia,DJF,2006,60_ERA5,60,ERA5
769,0.0013287444454125,0.0022871830617757,Ethiopia,MAM,2006,60_ERA5,60,ERA5
770,0.0005082629026168,0.0026574888908251,Ethiopia,JJA,2006,60_ERA5,60,ERA5
771,0.0001981985949921,0.0052559331116445,Ethiopia,SON,2006,60_ERA5,60,ERA5
772,0.0012256861177724,0.0302957633892885,Somalia,DJF,2006,60_ERA5,60,ERA5
773,0.0,0.0006907517464289,Somalia,MAM,2006,60_ERA5,60,ERA5
774,0.0002476279845688,0.0061646335105828,Somalia,JJA,2006,60_ERA5,60,ERA5
775,0.0,0.0197380557092787,Somalia,SON,2006,60_ERA5,60,ERA5
776,0.024131245339299,0.0307680835197613,Kenya,DJF,2006,60_ERA5,60,ERA5
777,0.0,0.0024073533702947,Kenya,MAM,2006,60_ERA5,60,ERA5
778,0.0008316311642836,0.0135833090166326,Kenya,JJA,2006,60_ERA5,60,ERA5
779,0.0,0.0378493989232244,Kenya,SON,2006,60_ERA5,60,ERA5
780,0.0215245305425666,0.0146366807689452,Ethiopia,DJF,2007,60_ERA5,60,ERA5
781,0.0008277424414045,0.0,Ethiopia,MAM,2007,60_ERA5,60,ERA5
782,0.0005227846998344,0.0177528970985449,Ethiopia,JJA,2007,60_ERA5,60,ERA5
783,0.003670344351707,0.0069149287586161,Ethiopia,SON,2007,60_ERA5,60,ERA5
784,0.0,0.0071675992539301,Somalia,DJF,2007,60_ERA5,60,ERA5
785,0.0004170576582212,0.0022807840683974,Somalia,MAM,2007,60_ERA5,60,ERA5
786,0.0002476279845688,0.0118079449483891,Somalia,JJA,2007,60_ERA5,60,ERA5
787,0.0,0.0038079426568635,Somalia,SON,2007,60_ERA5,60,ERA5
788,0.0033258762117822,0.0389261744966442,Kenya,DJF,2007,60_ERA5,60,ERA5
789,0.0046979865771812,0.0031368543915961,Kenya,MAM,2007,60_ERA5,60,ERA5
790,0.0035599649839509,0.0590020426028596,Kenya,JJA,2007,60_ERA5,60,ERA5
791,0.0028173169112766,0.0633527546279224,Kenya,SON,2007,60_ERA5,60,ERA5
792,0.0231451914818648,0.0177057411526349,Ethiopia,DJF,2008,60_ERA5,60,ERA5
793,0.1100897447068049,0.0005518282942696,Ethiopia,MAM,2008,60_ERA5,60,ERA5
794,0.0311928204234556,0.0007551334553164,Ethiopia,JJA,2008,60_ERA5,60,ERA5
795,0.0058211661418074,0.0124057639087699,Ethiopia,SON,2008,60_ERA5,60,ERA5
796,0.0010013966848499,0.0268795952249189,Somalia,DJF,2008,60_ERA5,60,ERA5
797,0.0818214993222813,0.0195365446773016,Somalia,MAM,2008,60_ERA5,60,ERA5
798,0.0191846522781774,0.0266786570743405,Somalia,JJA,2008,60_ERA5,60,ERA5
799,0.0,0.1318286030516246,Somalia,SON,2008,60_ERA5,60,ERA5
800,0.0013422818791946,0.0004130098089829,Kenya,DJF,2008,60_ERA5,60,ERA5
801,0.0043478260869565,0.0,Kenya,MAM,2008,60_ERA5,60,ERA5
802,0.0587248322147651,0.0001459002042602,Kenya,JJA,2008,60_ERA5,60,ERA5
803,0.0,0.0166678958625267,Kenya,SON,2008,60_ERA5,60,ERA5
804,0.0595858383433533,0.0010613820233058,Ethiopia,DJF,2009,60_ERA5,60,ERA5
805,0.0319334320815544,0.0014884842148064,Ethiopia,MAM,2009,60_ERA5,60,ERA5
806,0.185944352473062,0.00177165926055,Ethiopia,JJA,2009,60_ERA5,60,ERA5
807,0.0550258025207925,0.0031344740763578,Ethiopia,SON,2009,60_ERA5,60,ERA5
808,0.0582200905941913,0.0010524913402611,Somalia,DJF,2009,60_ERA5,60,ERA5
809,0.0168517360025023,0.0030497341257428,Somalia,MAM,2009,60_ERA5,60,ERA5
810,0.0227035762694192,0.0,Somalia,JJA,2009,60_ERA5,60,ERA5
811,0.0173136216301683,0.01014572957019,Somalia,SON,2009,60_ERA5,60,ERA5
812,0.103668903803132,0.0004325130499627,Kenya,DJF,2009,60_ERA5,60,ERA5
813,0.0715932302305223,0.0,Kenya,MAM,2009,60_ERA5,60,ERA5
814,0.1086664721330609,0.0,Kenya,JJA,2009,60_ERA5,60,ERA5
815,0.1008923961944096,0.0112102662438232,Kenya,SON,2009,60_ERA5,60,ERA5
816,0.0808060565575595,0.0051584650783047,Ethiopia,DJF,2010,60_ERA5,60,ERA5
817,0.0002250878568731,0.0880020911387993,Ethiopia,MAM,2010,60_ERA5,60,ERA5
818,0.0005518282942696,0.0535709099358136,Ethiopia,JJA,2010,60_ERA5,60,ERA5
819,0.0755356867581316,0.0178598956154066,Ethiopia,SON,2010,60_ERA5,60,ERA5
820,0.2153610444977351,0.0051691979749533,Somalia,DJF,2010,60_ERA5,60,ERA5
821,0.0,0.0750703784798248,Somalia,MAM,2010,60_ERA5,60,ERA5
822,3.90991554582421e-05,0.1126967990824731,Somalia,JJA,2010,60_ERA5,60,ERA5
823,0.2274751627269613,0.0422431285740638,Somalia,SON,2010,60_ERA5,60,ERA5
824,0.0906935123042505,0.0048023862788963,Kenya,DJF,2010,60_ERA5,60,ERA5
825,0.0,0.0258972862562007,Kenya,MAM,2010,60_ERA5,60,ERA5
826,0.0033119346367084,0.0034870148818208,Kenya,JJA,2010,60_ERA5,60,ERA5
827,0.0381444059296408,0.0003540084076996,Kenya,SON,2010,60_ERA5,60,ERA5
828,0.0233875157722853,0.020084613671788,Ethiopia,DJF,2011,60_ERA5,60,ERA5
829,0.1427928320408933,0.0,Ethiopia,MAM,2011,60_ERA5,60,ERA5
830,0.0117481339490575,0.0043710609625047,Ethiopia,JJA,2011,60_ERA5,60,ERA5
831,0.0031931995859851,0.0084564733863331,Ethiopia,SON,2011,60_ERA5,60,ERA5
832,0.0911404209965361,0.0030642152944311,Somalia,DJF,2011,60_ERA5,60,ERA5
833,0.1000156396621832,0.0097617558127411,Somalia,MAM,2011,60_ERA5,60,ERA5
834,0.0198754040246064,0.0418882285475967,Somalia,JJA,2011,60_ERA5,60,ERA5
835,0.0006061085197775,0.0145202519303238,Somalia,SON,2011,60_ERA5,60,ERA5
836,0.0705294556301267,0.0604026845637583,Kenya,DJF,2011,60_ERA5,60,ERA5
837,0.1301721622410271,0.0,Kenya,MAM,2011,60_ERA5,60,ERA5
838,0.0648672308141231,0.0132331485264079,Kenya,JJA,2011,60_ERA5,60,ERA5
839,0.0120362858617892,0.0907441551736853,Kenya,SON,2011,60_ERA5,60,ERA5
840,0.0019323671497584,0.0079710144927536,Ethiopia,DJF,2005,60_GPCC,60,GPCC
841,0.0350897920604914,0.0036625708884688,Ethiopia,MAM,2005,60_GPCC,60,GPCC
842,0.0109877126654064,0.0289461247637051,Ethiopia,JJA,2005,60_GPCC,60,GPCC
843,0.0161251791686574,0.0038222646918299,Ethiopia,SON,2005,60_GPCC,60,GPCC
844,0.0015555555555555,0.076,Somalia,DJF,2005,60_GPCC,60,GPCC
845,0.017391304347826,0.0006521739130434,Somalia,MAM,2005,60_GPCC,60,GPCC
846,0.0010869565217391,0.0084782608695652,Somalia,JJA,2005,60_GPCC,60,GPCC
847,0.0329670329670329,0.0021978021978021,Somalia,SON,2005,60_GPCC,60,GPCC
848,0.0695035460992907,0.0,Kenya,DJF,2005,60_GPCC,60,GPCC
849,0.0395467160037002,0.0,Kenya,MAM,2005,60_GPCC,60,GPCC
850,0.0043940795559666,0.0709990749306198,Kenya,JJA,2005,60_GPCC,60,GPCC
851,0.0385784428337619,0.0067804535889642,Kenya,SON,2005,60_GPCC,60,GPCC
852,0.0025362318840579,0.0270531400966183,Ethiopia,DJF,2006,60_GPCC,60,GPCC
853,0.0004725897920604,0.0555293005671077,Ethiopia,MAM,2006,60_GPCC,60,GPCC
854,0.0003544423440453,0.0061436672967863,Ethiopia,JJA,2006,60_GPCC,60,GPCC
855,0.0,0.0189918776875298,Ethiopia,SON,2006,60_GPCC,60,GPCC
856,0.002,0.0064444444444444,Somalia,DJF,2006,60_GPCC,60,GPCC
857,0.0108695652173913,0.0,Somalia,MAM,2006,60_GPCC,60,GPCC
858,0.0263043478260869,0.0760869565217391,Somalia,JJA,2006,60_GPCC,60,GPCC
859,0.0,0.0938461538461538,Somalia,SON,2006,60_GPCC,60,GPCC
860,0.051063829787234,0.0612293144208037,Kenya,DJF,2006,60_GPCC,60,GPCC
861,0.0,0.0,Kenya,MAM,2006,60_GPCC,60,GPCC
862,0.0124884366327474,0.0254394079555966,Kenya,JJA,2006,60_GPCC,60,GPCC
863,0.0,0.0537760112228197,Kenya,SON,2006,60_GPCC,60,GPCC
864,0.004951690821256,0.0603864734299516,Ethiopia,DJF,2007,60_GPCC,60,GPCC
865,0.0,0.0004725897920604,Ethiopia,MAM,2007,60_GPCC,60,GPCC
866,0.0,0.0297731568998109,Ethiopia,JJA,2007,60_GPCC,60,GPCC
867,0.0023889154323936,0.0241280458671763,Ethiopia,SON,2007,60_GPCC,60,GPCC
868,0.0011111111111111,0.0577777777777777,Somalia,DJF,2007,60_GPCC,60,GPCC
869,0.0,0.0,Somalia,MAM,2007,60_GPCC,60,GPCC
870,0.0,0.0097826086956521,Somalia,JJA,2007,60_GPCC,60,GPCC
871,0.0,0.0443956043956043,Somalia,SON,2007,60_GPCC,60,GPCC
872,0.0009456264775413,0.060047281323877,Kenya,DJF,2007,60_GPCC,60,GPCC
873,0.0115633672525439,0.0,Kenya,MAM,2007,60_GPCC,60,GPCC
874,0.0006938020351526,0.049491211840888,Kenya,JJA,2007,60_GPCC,60,GPCC
875,0.0014028524666822,0.0180032733224222,Kenya,SON,2007,60_GPCC,60,GPCC
876,0.000358337314859,0.0129001433349259,Ethiopia,DJF,2008,60_GPCC,60,GPCC
877,0.0126417769376181,0.0018903591682419,Ethiopia,MAM,2008,60_GPCC,60,GPCC
878,0.0066162570888468,0.0100425330812854,Ethiopia,JJA,2008,60_GPCC,60,GPCC
879,0.0260391782130912,0.0655757286192068,Ethiopia,SON,2008,60_GPCC,60,GPCC
880,0.0,0.0015384615384615,Somalia,DJF,2008,60_GPCC,60,GPCC
881,0.0013043478260869,0.0,Somalia,MAM,2008,60_GPCC,60,GPCC
882,0.0,0.0471739130434782,Somalia,JJA,2008,60_GPCC,60,GPCC
883,0.0061538461538461,0.0437362637362637,Somalia,SON,2008,60_GPCC,60,GPCC
884,0.0,0.0011690437222352,Kenya,DJF,2008,60_GPCC,60,GPCC
885,0.0020814061054579,0.0032377428307123,Kenya,MAM,2008,60_GPCC,60,GPCC
886,0.0268270120259019,0.0,Kenya,JJA,2008,60_GPCC,60,GPCC
887,0.0065466448445171,0.0236146831891512,Kenya,SON,2008,60_GPCC,60,GPCC
888,0.0420289855072463,0.0,Ethiopia,DJF,2009,60_GPCC,60,GPCC
889,0.1858459357277883,0.0,Ethiopia,MAM,2009,60_GPCC,60,GPCC
890,0.5083884688090737,0.0,Ethiopia,JJA,2009,60_GPCC,60,GPCC
891,0.1989966555183946,0.0,Ethiopia,SON,2009,60_GPCC,60,GPCC
892,0.0251111111111111,0.0,Somalia,DJF,2009,60_GPCC,60,GPCC
893,0.0641304347826086,0.0,Somalia,MAM,2009,60_GPCC,60,GPCC
894,0.0954347826086956,0.0,Somalia,JJA,2009,60_GPCC,60,GPCC
895,0.0514285714285714,0.0072527472527472,Somalia,SON,2009,60_GPCC,60,GPCC
896,0.0808510638297872,0.0,Kenya,DJF,2009,60_GPCC,60,GPCC
897,0.0853376503237742,0.0,Kenya,MAM,2009,60_GPCC,60,GPCC
898,0.1211840888066604,0.0,Kenya,JJA,2009,60_GPCC,60,GPCC
899,0.0645312134673836,0.0053776011222819,Kenya,SON,2009,60_GPCC,60,GPCC
900,0.017391304347826,0.0,Ethiopia,DJF,2010,60_GPCC,60,GPCC
901,0.0296550094517958,0.0293005671077504,Ethiopia,MAM,2010,60_GPCC,60,GPCC
902,0.0302457466918714,0.0061436672967863,Ethiopia,JJA,2010,60_GPCC,60,GPCC
903,0.0014333492594362,0.0133779264214046,Ethiopia,SON,2010,60_GPCC,60,GPCC
904,0.0957777777777777,0.0,Somalia,DJF,2010,60_GPCC,60,GPCC
905,0.0002173913043478,0.0615217391304347,Somalia,MAM,2010,60_GPCC,60,GPCC
906,0.0058695652173913,0.0,Somalia,JJA,2010,60_GPCC,60,GPCC
907,0.0652747252747252,0.0,Somalia,SON,2010,60_GPCC,60,GPCC
908,0.035224586288416,0.0122931442080378,Kenya,DJF,2010,60_GPCC,60,GPCC
909,0.0,0.123959296947271,Kenya,MAM,2010,60_GPCC,60,GPCC
910,0.0011563367252543,0.0011563367252543,Kenya,JJA,2010,60_GPCC,60,GPCC
911,0.0030395136778115,0.0,Kenya,SON,2010,60_GPCC,60,GPCC
912,0.0204106280193236,0.0080917874396135,Ethiopia,DJF,2011,60_GPCC,60,GPCC
913,0.0695888468809073,0.0,Ethiopia,MAM,2011,60_GPCC,60,GPCC
914,0.0126417769376181,0.0,Ethiopia,JJA,2011,60_GPCC,60,GPCC
915,0.0286669851887243,0.0077639751552795,Ethiopia,SON,2011,60_GPCC,60,GPCC
916,0.0562222222222222,0.0,Somalia,DJF,2011,60_GPCC,60,GPCC
917,0.0934782608695652,0.013695652173913,Somalia,MAM,2011,60_GPCC,60,GPCC
918,0.0313043478260869,0.0756521739130434,Somalia,JJA,2011,60_GPCC,60,GPCC
919,0.0226373626373626,0.0002197802197802,Somalia,SON,2011,60_GPCC,60,GPCC
920,0.0472813238770685,0.0418439716312056,Kenya,DJF,2011,60_GPCC,60,GPCC
921,0.0145698427382053,0.0,Kenya,MAM,2011,60_GPCC,60,GPCC
922,0.0511100832562442,0.0078630897317298,Kenya,JJA,2011,60_GPCC,60,GPCC
923,0.0007014262333411,0.1297638531681084,Kenya,SON,2011,60_GPCC,60,GPCC
924,0.0484342780415287,0.0083009638900877,Ethiopia,DJF,2005,60_IMERG,60,IMERG
925,0.0017732825430185,0.0542258542718282,Ethiopia,MAM,2005,60_IMERG,60,IMERG
926,0.0234795744121896,0.0543243699686626,Ethiopia,JJA,2005,60_IMERG,60,IMERG
927,0.0671529592548151,0.0035713100020393,Ethiopia,SON,2005,60_IMERG,60,IMERG
928,0.0218951717015233,0.0481452792839314,Somalia,DJF,2005,60_IMERG,60,IMERG
929,0.0006314619607314,0.0947698110665813,Somalia,MAM,2005,60_IMERG,60,IMERG
930,0.0193143165055737,0.0886825177651298,Somalia,JJA,2005,60_IMERG,60,IMERG
931,0.0767017645406491,0.0004936968531081,Somalia,SON,2005,60_IMERG,60,IMERG
932,0.0952904681331077,0.000282007896221,Kenya,DJF,2005,60_IMERG,60,IMERG
933,0.0069521077024939,0.0087820937247112,Kenya,MAM,2005,60_IMERG,60,IMERG
934,0.0096465092326932,0.0414183771058633,Kenya,JJA,2005,60_IMERG,60,IMERG
935,0.0801863111507781,0.0039883973894126,Kenya,SON,2005,60_IMERG,60,IMERG
936,0.0179158874022922,0.0254639620198532,Ethiopia,DJF,2006,60_IMERG,60,IMERG
937,0.0161612655044941,0.0571297217166125,Ethiopia,MAM,2006,60_IMERG,60,IMERG
938,0.0102127939051622,0.032266236325083,Ethiopia,JJA,2006,60_IMERG,60,IMERG
939,0.0102965657562118,0.0305102752232661,Ethiopia,SON,2006,60_IMERG,60,IMERG
940,0.0078406059041225,0.0612961528530854,Somalia,DJF,2006,60_IMERG,60,IMERG
941,0.004807530394369,0.0307816657124574,Somalia,MAM,2006,60_IMERG,60,IMERG
942,0.023018893341865,0.0292661570067019,Somalia,JJA,2006,60_IMERG,60,IMERG
943,0.003566534162971,0.0442454524561418,Somalia,SON,2006,60_IMERG,60,IMERG
944,0.0565801842451588,0.034113555179545,Kenya,DJF,2006,60_IMERG,60,IMERG
945,3.678363863753403e-05,0.0225943500331052,Kenya,MAM,2006,60_IMERG,60,IMERG
946,0.0316431251379386,0.0108787611270506,Kenya,JJA,2006,60_IMERG,60,IMERG
947,0.0209088711626782,0.0114538591695952,Kenya,SON,2006,60_IMERG,60,IMERG
948,0.0440416247062772,0.0134273246055723,Ethiopia,DJF,2007,60_IMERG,60,IMERG
949,0.0045598693963333,0.0088288829258223,Ethiopia,MAM,2007,60_IMERG,60,IMERG
950,0.007965697772607,0.055591000356533,Ethiopia,JJA,2007,60_IMERG,60,IMERG
951,0.0217598543019345,0.0360735509634948,Ethiopia,SON,2007,60_IMERG,60,IMERG
952,0.0031069799466391,0.0405026250107582,Somalia,DJF,2007,60_IMERG,60,IMERG
953,0.0092109251338699,0.012991277405449,Somalia,MAM,2007,60_IMERG,60,IMERG
954,0.0088909844070993,0.0212592193446266,Somalia,JJA,2007,60_IMERG,60,IMERG
955,0.0047752402516151,0.0278768481711936,Somalia,SON,2007,60_IMERG,60,IMERG
956,0.0216958074826095,0.0297518330513254,Kenya,DJF,2007,60_IMERG,60,IMERG
957,0.0155594791436768,0.0088648569116456,Kenya,MAM,2007,60_IMERG,60,IMERG
958,0.0035128374898844,0.0201758257926874,Kenya,JJA,2007,60_IMERG,60,IMERG
959,0.0132574701102619,0.0041278518435878,Kenya,SON,2007,60_IMERG,60,IMERG
960,0.0351581952790411,0.0473423857109657,Ethiopia,DJF,2008,60_IMERG,60,IMERG
961,0.1552513557636374,0.0375907751777973,Ethiopia,MAM,2008,60_IMERG,60,IMERG
962,0.0435204818824942,0.0327728884802311,Ethiopia,JJA,2008,60_IMERG,60,IMERG
963,0.0229692620715495,0.0277215231898011,Ethiopia,SON,2008,60_IMERG,60,IMERG
964,0.0110741311360986,0.0608523931529353,Somalia,DJF,2008,60_IMERG,60,IMERG
965,0.0732748459232815,0.0363469504597043,Somalia,MAM,2008,60_IMERG,60,IMERG
966,0.0328865389148957,0.0108358872461522,Somalia,JJA,2008,60_IMERG,60,IMERG
967,0.0091929758854623,0.0641124947863909,Somalia,SON,2008,60_IMERG,60,IMERG
968,0.0055502872761756,0.001794313977055,Kenya,DJF,2008,60_IMERG,60,IMERG
969,0.01148569116457,0.0052600603251673,Kenya,MAM,2008,60_IMERG,60,IMERG
970,0.0718016626204664,0.0082763186934451,Kenya,JJA,2008,60_IMERG,60,IMERG
971,0.0020267380673472,0.0355794797419162,Kenya,SON,2008,60_IMERG,60,IMERG
972,0.0437155325372848,0.0041049249508464,Ethiopia,DJF,2009,60_IMERG,60,IMERG
973,0.0176812219699386,0.0311872548835638,Ethiopia,MAM,2009,60_IMERG,60,IMERG
974,0.1322127563753729,0.0122956972096601,Ethiopia,JJA,2009,60_IMERG,60,IMERG
975,0.057738549754087,0.0037515354735898,Ethiopia,SON,2009,60_IMERG,60,IMERG
976,0.0610121352956364,0.0067045356743265,Somalia,DJF,2009,60_IMERG,60,IMERG
977,0.018278718889974,0.0241134274071329,Somalia,MAM,2009,60_IMERG,60,IMERG
978,0.0678779510322298,0.0135890613949415,Somalia,JJA,2009,60_IMERG,60,IMERG
979,0.0358866540121381,0.0350184285118444,Somalia,SON,2009,60_IMERG,60,IMERG
980,0.101372438428276,0.004728332393307,Kenya,DJF,2009,60_IMERG,60,IMERG
981,0.091765982490988,0.0004689913926285,Kenya,MAM,2009,60_IMERG,60,IMERG
982,0.0883910836459942,0.0009379827852571,Kenya,JJA,2009,60_IMERG,60,IMERG
983,0.0780015247020323,0.0102452539000762,Kenya,SON,2009,60_IMERG,60,IMERG
984,0.0431065074569606,0.0055531578190188,Ethiopia,DJF,2010,60_IMERG,60,IMERG
985,0.006286239702764,0.1113133549755117,Ethiopia,MAM,2010,60_IMERG,60,IMERG
986,0.004588016738286,0.0046255465275562,Ethiopia,JJA,2010,60_IMERG,60,IMERG
987,0.0145271215620805,0.0090824152110298,Ethiopia,SON,2010,60_IMERG,60,IMERG
988,0.1545227644375591,0.0070315861950253,Somalia,DJF,2010,60_IMERG,60,IMERG
989,8.41949280975314e-06,0.1731131916613343,Somalia,MAM,2010,60_IMERG,60,IMERG
990,0.0006483009463509,0.029569258747853,Somalia,JJA,2010,60_IMERG,60,IMERG
991,0.1092261727428265,0.0036431422953498,Somalia,SON,2010,60_IMERG,60,IMERG
992,0.0406185373190449,0.0229930438052265,Kenya,DJF,2010,60_IMERG,60,IMERG
993,9.195909659383508e-05,0.0723074376517325,Kenya,MAM,2010,60_IMERG,60,IMERG
994,0.0050209666740233,0.0002758772897815,Kenya,JJA,2010,60_IMERG,60,IMERG
995,0.0090738364850039,0.0,Kenya,SON,2010,60_IMERG,60,IMERG
996,0.0135759842708483,0.0262456241308205,Ethiopia,DJF,2011,60_IMERG,60,IMERG
997,0.0994023381058715,9.382447317558312e-06,Ethiopia,MAM,2011,60_IMERG,60,IMERG
998,0.0041001294777729,0.0064175939652098,Ethiopia,JJA,2011,60_IMERG,60,IMERG
999,0.0056296745981683,0.035433276261934,Ethiopia,SON,2011,60_IMERG,60,IMERG
1000,0.056571133488252,0.0024270591272915,Somalia,DJF,2011,60_IMERG,60,IMERG
1001,0.1056141178055434,0.0002525847842925,Somalia,MAM,2011,60_IMERG,60,IMERG
1002,0.0361280436466507,0.0049001448152763,Somalia,JJA,2011,60_IMERG,60,IMERG
1003,0.0045709518986048,0.0027834288097649,Somalia,SON,2011,60_IMERG,60,IMERG
1004,0.0268283511938334,0.048552359466065,Kenya,DJF,2011,60_IMERG,60,IMERG
1005,0.0739075259324652,0.0,Kenya,MAM,2011,60_IMERG,60,IMERG
1006,0.0355054071948797,0.0117155889060545,Kenya,JJA,2011,60_IMERG,60,IMERG
1007,0.0006786783436529,0.0762815864338707,Kenya,SON,2011,60_IMERG,60,IMERG
1008,0.0048876949481381,0.0108797850906648,Ethiopia,DJF,2005,90_CHIRPS,90,CHIRPS
1009,0.0017446783659882,0.0067524162700382,Ethiopia,MAM,2005,90_CHIRPS,90,CHIRPS
1010,0.0011460857885362,0.0095920810581948,Ethiopia,JJA,2005,90_CHIRPS,90,CHIRPS
1011,0.0094022834116856,0.0002952051306651,Ethiopia,SON,2005,90_CHIRPS,90,CHIRPS
1012,0.0010613999731291,0.017707913475749,Somalia,DJF,2005,90_CHIRPS,90,CHIRPS
1013,0.0068214079175647,0.0085826192103464,Somalia,MAM,2005,90_CHIRPS,90,CHIRPS
1014,0.0009068923821039,0.0369065769412754,Somalia,JJA,2005,90_CHIRPS,90,CHIRPS
1015,0.0102183185617284,0.0003587706127004,Somalia,SON,2005,90_CHIRPS,90,CHIRPS
1016,0.0068761989080714,0.0,Kenya,DJF,2005,90_CHIRPS,90,CHIRPS
1017,0.0110572203937871,0.0,Kenya,MAM,2005,90_CHIRPS,90,CHIRPS
1018,0.0003608753392228,0.034413072348288,Kenya,JJA,2005,90_CHIRPS,90,CHIRPS
1019,0.0133385870437663,0.0002918728018329,Kenya,SON,2005,90_CHIRPS,90,CHIRPS
1020,0.0062905753301992,0.0107454667562122,Ethiopia,DJF,2006,90_CHIRPS,90,CHIRPS
1021,0.008883989838526,0.0011898852454229,Ethiopia,MAM,2006,90_CHIRPS,90,CHIRPS
1022,0.0047668408911729,0.0046938417963617,Ethiopia,JJA,2006,90_CHIRPS,90,CHIRPS
1023,0.0042657141381117,0.0149447597399242,Ethiopia,SON,2006,90_CHIRPS,90,CHIRPS
1024,0.0120784629853553,0.00279457208115,Somalia,DJF,2006,90_CHIRPS,90,CHIRPS
1025,0.0053887808211976,0.0001840071499921,Somalia,MAM,2006,90_CHIRPS,90,CHIRPS
1026,0.0073208558961148,0.0005651648178329,Somalia,JJA,2006,90_CHIRPS,90,CHIRPS
1027,0.0041590815472314,0.0054878615942703,Somalia,SON,2006,90_CHIRPS,90,CHIRPS
1028,0.0567950420540062,0.0256455658846097,Kenya,DJF,2006,90_CHIRPS,90,CHIRPS
1029,0.0073041168658698,0.0018621167503897,Kenya,MAM,2006,90_CHIRPS,90,CHIRPS
1030,0.0078526473814885,0.0001299151221202,Kenya,JJA,2006,90_CHIRPS,90,CHIRPS
1031,0.0042613429067612,0.020358127927849,Kenya,SON,2006,90_CHIRPS,90,CHIRPS
1032,0.0054473546750242,0.0519588090441011,Ethiopia,DJF,2007,90_CHIRPS,90,CHIRPS
1033,0.0024235699477326,0.0030659619820714,Ethiopia,MAM,2007,90_CHIRPS,90,CHIRPS
1034,0.0001678979180658,0.0358644552807545,Ethiopia,JJA,2007,90_CHIRPS,90,CHIRPS
1035,0.0006420711591967,0.0237787732750795,Ethiopia,SON,2007,90_CHIRPS,90,CHIRPS
1036,0.0006852075775896,0.0473061937390837,Somalia,DJF,2007,90_CHIRPS,90,CHIRPS
1037,0.0074128594711108,0.0120261815887703,Somalia,MAM,2007,90_CHIRPS,90,CHIRPS
1038,0.0003022974607013,0.024446664213238,Somalia,JJA,2007,90_CHIRPS,90,CHIRPS
1039,0.0014085068498611,0.0680468262088576,Somalia,SON,2007,90_CHIRPS,90,CHIRPS
1040,0.0001475579164822,0.1430721558211597,Kenya,DJF,2007,90_CHIRPS,90,CHIRPS
1041,0.0006928806513078,0.0142906634332236,Kenya,MAM,2007,90_CHIRPS,90,CHIRPS
1042,0.0055430452104624,0.0962526704775102,Kenya,JJA,2007,90_CHIRPS,90,CHIRPS
1043,0.0066546998817915,0.0936619821081972,Kenya,SON,2007,90_CHIRPS,90,CHIRPS
1044,0.0222289463390873,0.0050701481191743,Ethiopia,DJF,2008,90_CHIRPS,90,CHIRPS
1045,0.0740502817765059,0.0066356177183402,Ethiopia,MAM,2008,90_CHIRPS,90,CHIRPS
1046,0.0116798551697958,0.054143428621485,Ethiopia,JJA,2008,90_CHIRPS,90,CHIRPS
1047,0.0026199455346533,0.0171145174503132,Ethiopia,SON,2008,90_CHIRPS,90,CHIRPS
1048,0.002670847894548,0.0054347103923887,Somalia,DJF,2008,90_CHIRPS,90,CHIRPS
1049,0.02816623731665,2.628673571315914e-05,Somalia,MAM,2008,90_CHIRPS,90,CHIRPS
1050,0.0087534829924819,0.0210425319383838,Somalia,JJA,2008,90_CHIRPS,90,CHIRPS
1051,0.0033751013194785,0.0268147813492432,Somalia,SON,2008,90_CHIRPS,90,CHIRPS
1052,0.001780424091181,0.0001167491207331,Kenya,DJF,2008,90_CHIRPS,90,CHIRPS
1053,0.000649575610601,0.0022807321438882,Kenya,MAM,2008,90_CHIRPS,90,CHIRPS
1054,0.0193284831687741,0.0025694324152664,Kenya,JJA,2008,90_CHIRPS,90,CHIRPS
1055,0.0070341345241743,0.0010653357266903,Kenya,SON,2008,90_CHIRPS,90,CHIRPS
1056,0.0212446832325945,0.0218416536079397,Ethiopia,DJF,2009,90_CHIRPS,90,CHIRPS
1057,0.0067670160890004,0.0050661371798989,Ethiopia,MAM,2009,90_CHIRPS,90,CHIRPS
1058,0.0493473880923876,1.4599818962244867e-05,Ethiopia,JJA,2009,90_CHIRPS,90,CHIRPS
1059,0.0422586144547192,0.0001623628218658,Ethiopia,SON,2009,90_CHIRPS,90,CHIRPS
1060,0.0177482198038425,0.0038559720542791,Somalia,DJF,2009,90_CHIRPS,90,CHIRPS
1061,0.0082540350139319,0.000591451553546,Somalia,MAM,2009,90_CHIRPS,90,CHIRPS
1062,0.0169023710635613,0.0,Somalia,JJA,2009,90_CHIRPS,90,CHIRPS
1063,0.0081055582869367,0.0200512909098156,Somalia,SON,2009,90_CHIRPS,90,CHIRPS
1064,0.0311347203777482,0.0010919285819684,Kenya,DJF,2009,90_CHIRPS,90,CHIRPS
1065,0.0113459206651654,0.0,Kenya,MAM,2009,90_CHIRPS,90,CHIRPS
1066,0.0326953057335873,0.0004186153934984,Kenya,JJA,2009,90_CHIRPS,90,CHIRPS
1067,0.0562438889132116,0.0152065729754972,Kenya,SON,2009,90_CHIRPS,90,CHIRPS
1068,0.0186777106186105,0.0074397433027386,Ethiopia,DJF,2010,90_CHIRPS,90,CHIRPS
1069,0.0055990305720209,0.1162583583963558,Ethiopia,MAM,2010,90_CHIRPS,90,CHIRPS
1070,6.56991853301019e-05,0.02653517096388,Ethiopia,JJA,2010,90_CHIRPS,90,CHIRPS
1071,0.005512955815172,0.0009225160333286,Ethiopia,SON,2010,90_CHIRPS,90,CHIRPS
1072,0.0084240225715437,0.0009942227596399,Somalia,DJF,2010,90_CHIRPS,90,CHIRPS
1073,0.0022475159034751,0.0918721413174911,Somalia,MAM,2010,90_CHIRPS,90,CHIRPS
1074,0.0006045949214026,0.0706324588612586,Somalia,JJA,2010,90_CHIRPS,90,CHIRPS
1075,0.0022456382794955,0.0036541451293567,Somalia,SON,2010,90_CHIRPS,90,CHIRPS
1076,0.0023166592887708,0.0221041758890364,Kenya,DJF,2010,90_CHIRPS,90,CHIRPS
1077,8.661008141347653e-05,0.0750043305040706,Kenya,MAM,2010,90_CHIRPS,90,CHIRPS
1078,0.0067844563773889,0.0007939257462902,Kenya,JJA,2010,90_CHIRPS,90,CHIRPS
1079,0.0043634983874027,0.0003064664419246,Kenya,SON,2010,90_CHIRPS,90,CHIRPS
1080,0.0073875083948959,0.024035519737333,Ethiopia,DJF,2011,90_CHIRPS,90,CHIRPS
1081,0.0980961836073232,1.4599818962244867e-05,Ethiopia,MAM,2011,90_CHIRPS,90,CHIRPS
1082,0.01580430402663,0.0287324437176979,Ethiopia,JJA,2011,90_CHIRPS,90,CHIRPS
1083,0.0015941077055919,0.0408121093144598,Ethiopia,SON,2011,90_CHIRPS,90,CHIRPS
1084,0.009471987101975,0.0144565363428724,Somalia,DJF,2011,90_CHIRPS,90,CHIRPS
1085,0.0647573734293675,0.0002102938857052,Somalia,MAM,2011,90_CHIRPS,90,CHIRPS
1086,0.0237237789811261,0.0001971505178486,Somalia,JJA,2011,90_CHIRPS,90,CHIRPS
1087,0.0028568771011334,0.0219913097784923,Somalia,SON,2011,90_CHIRPS,90,CHIRPS
1088,0.0056809797845654,0.1043824701195219,Kenya,DJF,2011,90_CHIRPS,90,CHIRPS
1089,0.0992984583405508,0.0,Kenya,MAM,2011,90_CHIRPS,90,CHIRPS
1090,0.0805329407009642,0.0019631618453721,Kenya,JJA,2011,90_CHIRPS,90,CHIRPS
1091,0.0068590108430745,0.1004626183909052,Kenya,SON,2011,90_CHIRPS,90,CHIRPS
1092,0.0024196541230609,0.0116084019891635,Ethiopia,DJF,2005,90_ERA5,90,ERA5
1093,0.0,0.0013360053440213,Ethiopia,MAM,2005,90_ERA5,90,ERA5
1094,0.000537306497052,0.022995265894107,Ethiopia,JJA,2005,90_ERA5,90,ERA5
1095,0.0038244988144787,0.0036116188420797,Ethiopia,SON,2005,90_ERA5,90,ERA5
1096,0.000599520383693,0.1191313615774047,Somalia,DJF,2005,90_ERA5,90,ERA5
1097,0.0011469085601084,0.0050307580022938,Somalia,MAM,2005,90_ERA5,90,ERA5
1098,0.0,0.0047309978104472,Somalia,JJA,2005,90_ERA5,90,ERA5
1099,0.0022794950852504,0.0009486915961736,Somalia,SON,2005,90_ERA5,90,ERA5
1100,0.0067859806114839,0.0008650260999254,Kenya,DJF,2005,90_ERA5,90,ERA5
1101,0.0009775313685439,0.0,Kenya,MAM,2005,90_ERA5,90,ERA5
1102,1.4590020426028596e-05,0.004099795739714,Kenya,JJA,2005,90_ERA5,90,ERA5
1103,0.0005162622612287,0.0025665609558227,Kenya,SON,2005,90_ERA5,90,ERA5
1104,0.003777926222816,0.0042381058413122,Ethiopia,DJF,2006,90_ERA5,90,ERA5
1105,0.0013214835468037,0.0015683540995033,Ethiopia,MAM,2006,90_ERA5,90,ERA5
1106,0.0003267404373965,0.0006607417734018,Ethiopia,JJA,2006,90_ERA5,90,ERA5
1107,0.0,0.004573249062227,Ethiopia,SON,2006,90_ERA5,90,ERA5
1108,0.0011457500666133,0.0215161204369837,Somalia,DJF,2006,90_ERA5,90,ERA5
1109,0.0,0.0005734542800542,Somalia,MAM,2006,90_ERA5,90,ERA5
1110,0.0001954957772912,0.0007819831091648,Somalia,JJA,2006,90_ERA5,90,ERA5
1111,0.0,0.0273802935673439,Somalia,SON,2006,90_ERA5,90,ERA5
1112,0.0179269202087994,0.0200745712155108,Kenya,DJF,2006,90_ERA5,90,ERA5
1113,1.4590020426028596e-05,8.754012255617157e-05,Kenya,MAM,2006,90_ERA5,90,ERA5
1114,7.295010213014298e-05,0.0018237525532535,Kenya,JJA,2006,90_ERA5,90,ERA5
1115,4.425105096246036e-05,0.0358728519802345,Kenya,SON,2006,90_ERA5,90,ERA5
1116,0.010688042752171,0.0229718696652564,Ethiopia,DJF,2007,90_ERA5,90,ERA5
1117,0.0008495251372309,6.534808747930643e-05,Ethiopia,MAM,2007,90_ERA5,90,ERA5
1118,1.4521797217623653e-05,0.0071519851296796,Ethiopia,JJA,2007,90_ERA5,90,ERA5
1119,0.0006826840494175,0.0064818281251146,Ethiopia,SON,2007,90_ERA5,90,ERA5
1120,1.3322675193178791e-05,0.0277111644018118,Somalia,DJF,2007,90_ERA5,90,ERA5
1121,0.0003649254509435,0.0016812636847044,Somalia,MAM,2007,90_ERA5,90,ERA5
1122,0.0002606610363882,0.0091883015326868,Somalia,JJA,2007,90_ERA5,90,ERA5
1123,0.0,0.0014098611220913,Somalia,SON,2007,90_ERA5,90,ERA5
1124,0.0024757643549589,0.0545861297539149,Kenya,DJF,2007,90_ERA5,90,ERA5
1125,0.0019404727166618,0.0043624161073825,Kenya,MAM,2007,90_ERA5,90,ERA5
1126,0.0002188503063904,0.052567843594981,Kenya,JJA,2007,90_ERA5,90,ERA5
1127,0.0,0.0571871081938196,Kenya,SON,2007,90_ERA5,90,ERA5
1128,0.0352940312860152,0.0019819859499218,Ethiopia,DJF,2008,90_ERA5,90,ERA5
1129,0.0994234846504603,0.000268653248526,Ethiopia,MAM,2008,90_ERA5,90,ERA5
1130,0.0668656152885481,0.0009874822107984,Ethiopia,JJA,2008,90_ERA5,90,ERA5
1131,0.0041768518722426,0.0047714476572192,Ethiopia,SON,2008,90_ERA5,90,ERA5
1132,0.0,0.0013308034890768,Somalia,DJF,2008,90_ERA5,90,ERA5
1133,0.0820951934104889,0.0250495255969137,Somalia,MAM,2008,90_ERA5,90,ERA5
1134,0.0544781566051506,0.01712543009071,Somalia,JJA,2008,90_ERA5,90,ERA5
1135,2.635254433815585e-05,0.1098637573457717,Somalia,SON,2008,90_ERA5,90,ERA5
1136,0.004012095287263,0.0003982594586621,Kenya,DJF,2008,90_ERA5,90,ERA5
1137,4.3770061278085785e-05,0.0,Kenya,MAM,2008,90_ERA5,90,ERA5
1138,0.0447913627079077,0.0002334403268164,Kenya,JJA,2008,90_ERA5,90,ERA5
1139,0.000737517516041,0.0053396268161368,Kenya,SON,2008,90_ERA5,90,ERA5
1140,0.0207229273361537,0.0088695910339196,Ethiopia,DJF,2009,90_ERA5,90,ERA5
1141,0.034264180534983,6.534808747930644e-05,Ethiopia,MAM,2009,90_ERA5,90,ERA5
1142,0.222176236531033,4.356539165287096e-05,Ethiopia,JJA,2009,90_ERA5,90,ERA5
1143,0.0557305086363202,0.0013873901649452,Ethiopia,SON,2009,90_ERA5,90,ERA5
1144,0.0404876099120703,0.0012390087929656,Somalia,DJF,2009,90_ERA5,90,ERA5
1145,0.019393181107288,0.0001954957772912,Somalia,MAM,2009,90_ERA5,90,ERA5
1146,0.0283599207590449,0.0,Somalia,JJA,2009,90_ERA5,90,ERA5
1147,0.0188420692017814,0.0098558515824702,Somalia,SON,2009,90_ERA5,90,ERA5
1148,0.0347651006711409,0.0005369127516778,Kenya,DJF,2009,90_ERA5,90,ERA5
1149,0.0875547125765976,0.0,Kenya,MAM,2009,90_ERA5,90,ERA5
1150,0.1203822585351619,0.0,Kenya,JJA,2009,90_ERA5,90,ERA5
1151,0.1313961206578656,0.0099417361162327,Kenya,SON,2009,90_ERA5,90,ERA5
1152,0.0990870630149187,0.0030802345431603,Ethiopia,DJF,2010,90_ERA5,90,ERA5
1153,7.986988469693008e-05,0.0991548314019343,Ethiopia,MAM,2010,90_ERA5,90,ERA5
1154,3.630449304405913e-05,0.0192486422119601,Ethiopia,JJA,2010,90_ERA5,90,ERA5
1155,0.0650385019122494,0.0148502132470068,Ethiopia,SON,2010,90_ERA5,90,ERA5
1156,0.2563549160671463,0.0008659738875566,Somalia,DJF,2010,90_ERA5,90,ERA5
1157,0.0,0.0605515587529976,Somalia,MAM,2010,90_ERA5,90,ERA5
1158,3.90991554582421e-05,0.0530054217495568,Somalia,JJA,2010,90_ERA5,90,ERA5
1159,0.2063535984399294,0.0477112815242311,Somalia,SON,2010,90_ERA5,90,ERA5
1160,0.0903057419835943,0.0005667412378821,Kenya,DJF,2010,90_ERA5,90,ERA5
1161,0.0,0.0477823168952436,Kenya,MAM,2010,90_ERA5,90,ERA5
1162,0.0003063904289466,0.0009483513276918,Kenya,JJA,2010,90_ERA5,90,ERA5
1163,0.0325097721070875,0.0015635371340069,Kenya,SON,2010,90_ERA5,90,ERA5
1164,0.1102130186298523,0.0129221405774511,Ethiopia,DJF,2011,90_ERA5,90,ERA5
1165,0.1478318956754088,2.9043594435247305e-05,Ethiopia,MAM,2011,90_ERA5,90,ERA5
1166,0.0286587668089802,0.0025195318172577,Ethiopia,JJA,2011,90_ERA5,90,ERA5
1167,0.0029950009909929,0.007054401843981,Ethiopia,SON,2011,90_ERA5,90,ERA5
1168,0.2962296829203303,0.0019317879030109,Somalia,DJF,2011,90_ERA5,90,ERA5
1169,0.1057241163590866,0.0079240955062037,Somalia,MAM,2011,90_ERA5,90,ERA5
1170,0.0641486810551558,0.0484308205609425,Somalia,JJA,2011,90_ERA5,90,ERA5
1171,0.0060479089256067,0.0126492212823148,Somalia,SON,2011,90_ERA5,90,ERA5
1172,0.164593586875466,0.0497688292319164,Kenya,DJF,2011,90_ERA5,90,ERA5
1173,0.1258681062153487,0.0,Kenya,MAM,2011,90_ERA5,90,ERA5
1174,0.1225269915377881,0.0019404727166618,Kenya,JJA,2011,90_ERA5,90,ERA5
1175,0.0430710229367947,0.0966885463529758,Kenya,SON,2011,90_ERA5,90,ERA5
1176,0.0076086956521739,0.0080917874396135,Ethiopia,DJF,2005,90_GPCC,90,GPCC
1177,0.0085066162570888,0.0,Ethiopia,MAM,2005,90_GPCC,90,GPCC
1178,0.011578449905482,0.0276465028355387,Ethiopia,JJA,2005,90_GPCC,90,GPCC
1179,0.0174390826564739,0.0007166746297181,Ethiopia,SON,2005,90_GPCC,90,GPCC
1180,0.008,0.084,Somalia,DJF,2005,90_GPCC,90,GPCC
1181,0.0171739130434782,0.0180434782608695,Somalia,MAM,2005,90_GPCC,90,GPCC
1182,0.0015217391304347,0.0,Somalia,JJA,2005,90_GPCC,90,GPCC
1183,0.0426373626373626,0.0,Somalia,SON,2005,90_GPCC,90,GPCC
1184,0.076595744680851,0.0,Kenya,DJF,2005,90_GPCC,90,GPCC
1185,0.0402405180388529,0.0,Kenya,MAM,2005,90_GPCC,90,GPCC
1186,0.0067067530064754,0.0580481036077705,Kenya,JJA,2005,90_GPCC,90,GPCC
1187,0.0418517652560205,0.0030395136778115,Kenya,SON,2005,90_GPCC,90,GPCC
1188,0.0068840579710144,0.0053140096618357,Ethiopia,DJF,2006,90_GPCC,90,GPCC
1189,0.0002362948960302,0.0382797731568998,Ethiopia,MAM,2006,90_GPCC,90,GPCC
1190,0.0,0.0186672967863894,Ethiopia,JJA,2006,90_GPCC,90,GPCC
1191,0.0,0.0162446249402771,Ethiopia,SON,2006,90_GPCC,90,GPCC
1192,0.0013333333333333,0.0006666666666666,Somalia,DJF,2006,90_GPCC,90,GPCC
1193,0.012391304347826,0.0,Somalia,MAM,2006,90_GPCC,90,GPCC
1194,0.0339130434782608,0.0165217391304347,Somalia,JJA,2006,90_GPCC,90,GPCC
1195,0.0,0.0525274725274725,Somalia,SON,2006,90_GPCC,90,GPCC
1196,0.1037825059101654,0.0309692671394799,Kenya,DJF,2006,90_GPCC,90,GPCC
1197,0.0,0.0,Kenya,MAM,2006,90_GPCC,90,GPCC
1198,0.0020814061054579,0.001850138760407,Kenya,JJA,2006,90_GPCC,90,GPCC
1199,0.0,0.0455927051671732,Kenya,SON,2006,90_GPCC,90,GPCC
1200,0.002415458937198,0.0458937198067632,Ethiopia,DJF,2007,90_GPCC,90,GPCC
1201,0.0,0.0025992438563327,Ethiopia,MAM,2007,90_GPCC,90,GPCC
1202,0.0,0.0320179584120983,Ethiopia,JJA,2007,90_GPCC,90,GPCC
1203,0.0013139034878165,0.0234113712374581,Ethiopia,SON,2007,90_GPCC,90,GPCC
1204,0.0,0.0242222222222222,Somalia,DJF,2007,90_GPCC,90,GPCC
1205,0.0,0.0030434782608695,Somalia,MAM,2007,90_GPCC,90,GPCC
1206,0.0,0.0,Somalia,JJA,2007,90_GPCC,90,GPCC
1207,0.0,0.0272527472527472,Somalia,SON,2007,90_GPCC,90,GPCC
1208,0.0,0.1160756501182033,Kenya,DJF,2007,90_GPCC,90,GPCC
1209,0.0115633672525439,0.0062442183163737,Kenya,MAM,2007,90_GPCC,90,GPCC
1210,0.0011563367252543,0.0550416281221091,Kenya,JJA,2007,90_GPCC,90,GPCC
1211,0.0,0.0154313771335047,Kenya,SON,2007,90_GPCC,90,GPCC
1212,0.0025083612040133,0.0241280458671763,Ethiopia,DJF,2008,90_GPCC,90,GPCC
1213,0.0133506616257088,0.0016540642722117,Ethiopia,MAM,2008,90_GPCC,90,GPCC
1214,0.0028355387523629,0.0054347826086956,Ethiopia,JJA,2008,90_GPCC,90,GPCC
1215,0.0340420449116101,0.062111801242236,Ethiopia,SON,2008,90_GPCC,90,GPCC
1216,0.0,0.0,Somalia,DJF,2008,90_GPCC,90,GPCC
1217,0.0013043478260869,0.0,Somalia,MAM,2008,90_GPCC,90,GPCC
1218,0.0,0.0289130434782608,Somalia,JJA,2008,90_GPCC,90,GPCC
1219,0.0129670329670329,0.0298901098901098,Somalia,SON,2008,90_GPCC,90,GPCC
1220,0.0,0.0,Kenya,DJF,2008,90_GPCC,90,GPCC
1221,0.0011563367252543,0.0,Kenya,MAM,2008,90_GPCC,90,GPCC
1222,0.0291396854764107,0.0,Kenya,JJA,2008,90_GPCC,90,GPCC
1223,0.0060790273556231,0.0135609071779284,Kenya,SON,2008,90_GPCC,90,GPCC
1224,0.0856280193236714,0.0071256038647342,Ethiopia,DJF,2009,90_GPCC,90,GPCC
1225,0.1929347826086956,0.0,Ethiopia,MAM,2009,90_GPCC,90,GPCC
1226,0.581758034026465,0.0,Ethiopia,JJA,2009,90_GPCC,90,GPCC
1227,0.2387720974677496,0.0,Ethiopia,SON,2009,90_GPCC,90,GPCC
1228,0.0435555555555555,0.0,Somalia,DJF,2009,90_GPCC,90,GPCC
1229,0.0632608695652174,0.0,Somalia,MAM,2009,90_GPCC,90,GPCC
1230,0.1734782608695652,0.0,Somalia,JJA,2009,90_GPCC,90,GPCC
1231,0.0367032967032967,0.0028571428571428,Somalia,SON,2009,90_GPCC,90,GPCC
1232,0.0456264775413711,0.0,Kenya,DJF,2009,90_GPCC,90,GPCC
1233,0.0925069380203515,0.0,Kenya,MAM,2009,90_GPCC,90,GPCC
1234,0.1429232192414431,0.0,Kenya,JJA,2009,90_GPCC,90,GPCC
1235,0.0944587327566051,0.0028057049333645,Kenya,SON,2009,90_GPCC,90,GPCC
1236,0.0192028985507246,0.0,Ethiopia,DJF,2010,90_GPCC,90,GPCC
1237,0.0285916824196597,0.025047258979206,Ethiopia,MAM,2010,90_GPCC,90,GPCC
1238,0.0430056710775047,0.0014177693761814,Ethiopia,JJA,2010,90_GPCC,90,GPCC
1239,0.0007166746297181,0.0119445771619684,Ethiopia,SON,2010,90_GPCC,90,GPCC
1240,0.1257777777777777,0.0,Somalia,DJF,2010,90_GPCC,90,GPCC
1241,0.0,0.0443478260869565,Somalia,MAM,2010,90_GPCC,90,GPCC
1242,0.0032608695652173,0.0,Somalia,JJA,2010,90_GPCC,90,GPCC
1243,0.0369230769230769,0.0,Somalia,SON,2010,90_GPCC,90,GPCC
1244,0.0248226950354609,0.0052009456264775,Kenya,DJF,2010,90_GPCC,90,GPCC
1245,0.0,0.1278908418131359,Kenya,MAM,2010,90_GPCC,90,GPCC
1246,0.0,0.007631822386679,Kenya,JJA,2010,90_GPCC,90,GPCC
1247,0.0049099836333878,0.0,Kenya,SON,2010,90_GPCC,90,GPCC
1248,0.043719806763285,0.0076086956521739,Ethiopia,DJF,2011,90_GPCC,90,GPCC
1249,0.0790406427221172,0.0,Ethiopia,MAM,2011,90_GPCC,90,GPCC
1250,0.0044896030245746,0.0,Ethiopia,JJA,2011,90_GPCC,90,GPCC
1251,0.0162446249402771,0.0075250836120401,Ethiopia,SON,2011,90_GPCC,90,GPCC
1252,0.1553333333333333,0.0,Somalia,DJF,2011,90_GPCC,90,GPCC
1253,0.1082608695652174,0.0065217391304347,Somalia,MAM,2011,90_GPCC,90,GPCC
1254,0.0608695652173913,0.0915217391304347,Somalia,JJA,2011,90_GPCC,90,GPCC
1255,0.0312087912087912,0.0006593406593406,Somalia,SON,2011,90_GPCC,90,GPCC
1256,0.0825059101654846,0.066903073286052,Kenya,DJF,2011,90_GPCC,90,GPCC
1257,0.0219703977798334,0.0,Kenya,MAM,2011,90_GPCC,90,GPCC
1258,0.0797872340425531,0.0041628122109158,Kenya,JJA,2011,90_GPCC,90,GPCC
1259,0.0098199672667757,0.1531447276128127,Kenya,SON,2011,90_GPCC,90,GPCC
1260,0.0563276267203759,0.0171198388721047,Ethiopia,DJF,2005,90_IMERG,90,IMERG
1261,0.0016325458332551,0.0511202642097164,Ethiopia,MAM,2005,90_IMERG,90,IMERG
1262,0.0094434332251224,0.074707736766058,Ethiopia,JJA,2005,90_IMERG,90,IMERG
1263,0.0815662542032848,0.0039175326184389,Ethiopia,SON,2005,90_IMERG,90,IMERG
1264,0.0228160771150701,0.1526293140545657,Somalia,DJF,2005,90_IMERG,90,IMERG
1265,0.0016081231266628,0.086560805577072,Somalia,MAM,2005,90_IMERG,90,IMERG
1266,0.0086215606371872,0.1577897147475836,Somalia,JJA,2005,90_IMERG,90,IMERG
1267,0.1048254611383968,0.0002638724559716,Somalia,SON,2005,90_IMERG,90,IMERG
1268,0.0990129723632261,6.580184245158865e-05,Kenya,DJF,2005,90_IMERG,90,IMERG
1269,0.0066578385933936,0.007531450011035,Kenya,MAM,2005,90_IMERG,90,IMERG
1270,0.0051497094092547,0.0378687559773412,Kenya,JJA,2005,90_IMERG,90,IMERG
1271,0.0917331399564902,0.0054015358583886,Kenya,SON,2005,90_IMERG,90,IMERG
1272,0.0728288495660096,0.0198292811585862,Ethiopia,DJF,2006,90_IMERG,90,IMERG
1273,0.0169165525135576,0.0472875344804938,Ethiopia,MAM,2006,90_IMERG,90,IMERG
1274,0.0039640839916683,0.0438019553020209,Ethiopia,JJA,2006,90_IMERG,90,IMERG
1275,0.0060280677458062,0.0309845527799778,Ethiopia,SON,2006,90_IMERG,90,IMERG
1276,0.027704621740253,0.0505809450038729,Somalia,DJF,2006,90_IMERG,90,IMERG
1277,0.0093035395547772,0.025612097127269,Somalia,MAM,2006,90_IMERG,90,IMERG
1278,0.0191122486781396,0.039083285622874,Somalia,JJA,2006,90_IMERG,90,IMERG
1279,0.0069032439288055,0.0405342140431218,Somalia,SON,2006,90_IMERG,90,IMERG
1280,0.1699285579996239,0.0186219214137995,Kenya,DJF,2006,90_IMERG,90,IMERG
1281,0.0013609946295887,0.0160100787169866,Kenya,MAM,2006,90_IMERG,90,IMERG
1282,0.0303740896049437,0.0085705878025454,Kenya,JJA,2006,90_IMERG,90,IMERG
1283,0.0037001915174504,0.0101243933731243,Kenya,SON,2006,90_IMERG,90,IMERG
1284,0.0408046803817196,0.0310171198388721,Ethiopia,DJF,2007,90_IMERG,90,IMERG
1285,0.0074262070518474,0.0089508547409506,Ethiopia,MAM,2007,90_IMERG,90,IMERG
1286,0.0043206169897356,0.0527481188193128,Ethiopia,JJA,2007,90_IMERG,90,IMERG
1287,0.0107755860884907,0.0470388480746702,Ethiopia,SON,2007,90_IMERG,90,IMERG
1288,0.0039073930630863,0.0858507616834495,Somalia,DJF,2007,90_IMERG,90,IMERG
1289,0.0110968915232546,0.0145657225608729,Somalia,MAM,2007,90_IMERG,90,IMERG
1290,0.0132017647256929,0.0172936382312329,Somalia,JJA,2007,90_IMERG,90,IMERG
1291,0.0022131238242779,0.0247103786995343,Somalia,SON,2007,90_IMERG,90,IMERG
1292,0.0154634329761233,0.0610265087422447,Kenya,DJF,2007,90_IMERG,90,IMERG
1293,0.0092051055690428,0.0098947987934966,Kenya,MAM,2007,90_IMERG,90,IMERG
1294,0.0072371809019348,0.0127455307879055,Kenya,JJA,2007,90_IMERG,90,IMERG
1295,0.0070378014540451,0.0051598148044848,Kenya,SON,2007,90_IMERG,90,IMERG
1296,0.0836151332482795,0.0098981726085739,Ethiopia,DJF,2008,90_IMERG,90,IMERG
1297,0.1558377587209848,0.0312013285545401,Ethiopia,MAM,2008,90_IMERG,90,IMERG
1298,0.0865343116098403,0.0535972303015518,Ethiopia,JJA,2008,90_IMERG,90,IMERG
1299,0.0223195018188544,0.0256441874914037,Ethiopia,SON,2008,90_IMERG,90,IMERG
1300,0.0039751108689915,0.0090312476059958,Somalia,DJF,2008,90_IMERG,90,IMERG
1301,0.0678190145825615,0.0229599568921968,Somalia,MAM,2008,90_IMERG,90,IMERG
1302,0.0715572693900919,0.0100781328932745,Somalia,JJA,2008,90_IMERG,90,IMERG
1303,0.017909278947234,0.0577880678577812,Somalia,SON,2008,90_IMERG,90,IMERG
1304,0.0177479035347055,0.0018500957587252,Kenya,DJF,2008,90_IMERG,90,IMERG
1305,0.0008736114176414,0.003788714779666,Kenya,MAM,2008,90_IMERG,90,IMERG
1306,0.0759214301478702,0.0058026189950709,Kenya,JJA,2008,90_IMERG,90,IMERG
1307,0.0046391848422305,0.0277328424536546,Kenya,SON,2008,90_IMERG,90,IMERG
1308,0.0269697405649067,0.0179302738215124,Ethiopia,DJF,2009,90_IMERG,90,IMERG
1309,0.0149227824585764,0.0310652830684355,Ethiopia,MAM,2009,90_IMERG,90,IMERG
1310,0.1218310784184946,0.0117984275018295,Ethiopia,JJA,2009,90_IMERG,90,IMERG
1311,0.0651135657609546,0.0068390823677832,Ethiopia,SON,2009,90_IMERG,90,IMERG
1312,0.0405800843446079,0.0182545830105861,Somalia,DJF,2009,90_IMERG,90,IMERG
1313,0.0192722190415249,0.0130249553766881,Somalia,MAM,2009,90_IMERG,90,IMERG
1314,0.0791179739332502,0.0125534637793419,Somalia,JJA,2009,90_IMERG,90,IMERG
1315,0.0322605357462057,0.0336224580996076,Somalia,SON,2009,90_IMERG,90,IMERG
1316,0.0377138559879676,0.0044651250235006,Kenya,DJF,2009,90_IMERG,90,IMERG
1317,0.0956834400058853,0.0001655263738689,Kenya,MAM,2009,90_IMERG,90,IMERG
1318,0.1200985801515485,0.0006437136761568,Kenya,JJA,2009,90_IMERG,90,IMERG
1319,0.0974693665048995,0.0087112549041483,Kenya,SON,2009,90_IMERG,90,IMERG
1320,0.0247782093703543,0.005040042200163,Ethiopia,DJF,2010,90_IMERG,90,IMERG
1321,0.003143119851382,0.1275684449531816,Ethiopia,MAM,2010,90_IMERG,90,IMERG
1322,0.0038796419658103,0.0036403895592126,Ethiopia,JJA,2010,90_IMERG,90,IMERG
1323,0.0110886092759204,0.0077212386232671,Ethiopia,SON,2010,90_IMERG,90,IMERG
1324,0.1583440915741457,0.0009036922282468,Somalia,DJF,2010,90_IMERG,90,IMERG
1325,8.41949280975314e-06,0.1549691846563163,Somalia,MAM,2010,90_IMERG,90,IMERG
1326,0.0005304280470144,0.046214596032735,Somalia,JJA,2010,90_IMERG,90,IMERG
1327,0.096041061958955,0.0040942790749142,Somalia,SON,2010,90_IMERG,90,IMERG
1328,0.0188569279939838,0.0078586200413611,Kenya,DJF,2010,90_IMERG,90,IMERG
1329,0.0,0.0978168910468623,Kenya,MAM,2010,90_IMERG,90,IMERG
1330,0.0016276760097108,0.0,Kenya,JJA,2010,90_IMERG,90,IMERG
1331,0.0077815585429798,0.0,Kenya,SON,2010,90_IMERG,90,IMERG
1332,0.0716827315014626,0.0190668009399127,Ethiopia,DJF,2011,90_IMERG,90,IMERG
1333,0.0938526205175357,4.691223658779156e-06,Ethiopia,MAM,2011,90_IMERG,90,IMERG
1334,0.0145756319078268,0.0019187104764406,Ethiopia,JJA,2011,90_IMERG,90,IMERG
1335,0.0048708305074295,0.0410392369822667,Ethiopia,SON,2011,90_IMERG,90,IMERG
1336,0.2128926757896548,0.0011791031930458,Somalia,DJF,2011,90_IMERG,90,IMERG
1337,0.1228235611086788,0.0002441652914828,Somalia,MAM,2011,90_IMERG,90,IMERG
1338,0.0673559424780251,0.0027700131344087,Somalia,JJA,2011,90_IMERG,90,IMERG
1339,0.0119423566363922,0.0010384657944688,Somalia,SON,2011,90_IMERG,90,IMERG
1340,0.0814626809550667,0.051297236322617,Kenya,DJF,2011,90_IMERG,90,IMERG
1341,0.0608493342161406,0.0,Kenya,MAM,2011,90_IMERG,90,IMERG
1342,0.0697601706760832,0.0022621937762083,Kenya,JJA,2011,90_IMERG,90,IMERG
1343,0.0051319239136498,0.0915657946114798,Kenya,SON,2011,90_IMERG,90,IMERG
